"Country","iso","Year","CountryYear","Total","LTM","STM","Injection","NonUser"
"Afghanistan",4,"2019","Afghanistan2019",8929470,264196.050091532,891702.811514236,369333.308264423,7404237.83012981
"Afghanistan",4,"2020","Afghanistan2020",9244870,291265.064723068,976515.664299617,388916.446302426,7588172.82467489
"Afghanistan",4,"2021","Afghanistan2021",9567690,319884.397279946,1057469.99769991,404500.741577775,7785834.86344237
"Afghanistan",4,"2022","Afghanistan2022",9901750,352754.875772542,1149213.93108364,421800.21708161,7977980.97606221
"Afghanistan",4,"2023","Afghanistan2023",10242300,385681.989797796,1240734.30150801,436532.984672659,8179350.72402153
"Afghanistan",4,"2024","Afghanistan2024",10581490,420821.328862014,1337656.99870866,450646.33049809,8372365.34193123
"Afghanistan",4,"2025","Afghanistan2025",10914800,459578.254498889,1448848.52345546,466797.686370476,8539575.53567517
"Afghanistan",4,"2026","Afghanistan2026",11244650,499845.526366807,1563942.04781197,480363.96081787,8700498.46500336
"Afghanistan",4,"2027","Afghanistan2027",11568910,541962.873491318,1682204.64611157,492229.689835922,8852512.79056119
"Afghanistan",4,"2028","Afghanistan2028",11887720,586243.709483714,1804214.97626236,502587.437829444,8994673.87642449
"Afghanistan",4,"2029","Afghanistan2029",12202730,630716.589066405,1923509.06641795,509738.570550555,9138765.77396509
"Afghanistan",4,"2030","Afghanistan2030",12515000,676547.611993234,2043289.02307751,514765.364967566,9280397.99996169
"Bangladesh",50,"2019","Bangladesh2019",45732670,3297379.95493612,13147943.1348993,4685706.77048249,24601640.1396821
"Bangladesh",50,"2020","Bangladesh2020",46215600,3416651.48052542,13458287.1087974,4615007.26164584,24725654.1490314
"Bangladesh",50,"2021","Bangladesh2021",46658870,3533777.87912522,13732848.9405027,4526095.00595301,24866148.174419
"Bangladesh",50,"2022","Bangladesh2022",47067550,3657056.56563779,14022265.5241205,4436683.55675819,24951544.3534835
"Bangladesh",50,"2023","Bangladesh2023",47435390,3768543.85067896,14261805.963146,4326664.08378234,25078376.1023927
"Bangladesh",50,"2024","Bangladesh2024",47758000,3891431.47776442,14536973.137564,4222872.75879904,25106722.6258726
"Bangladesh",50,"2025","Bangladesh2025",48034840,3997965.90590694,14750987.5392225,4096479.64809432,25189406.9067762
"Bangladesh",50,"2026","Bangladesh2026",48284170,4097143.62922033,14939574.7415226,3950403.98103672,25297047.6482204
"Bangladesh",50,"2027","Bangladesh2027",48488770,4204850.80335284,15149422.8253758,3811746.64631478,25322749.7249566
"Bangladesh",50,"2028","Bangladesh2028",48648990,4293176.46514839,15280181.4969587,3655826.82869939,25419805.2091935
"Bangladesh",50,"2029","Bangladesh2029",48767350,4388319.80445256,15426617.4600094,3507156.43066094,25445256.3048771
"Bangladesh",50,"2030","Bangladesh2030",48847810,4475057.74403165,15535128.7493113,3353657.63214329,25483965.8745138
"Benin",204,"2019","Benin2019",2798020,106193.872603944,193866.162716993,82613.0972911309,2415346.86738793
"Benin",204,"2020","Benin2020",2883400,123537.22016705,197791.522753903,89758.2577482366,2472312.99933081
"Benin",204,"2021","Benin2021",2969280,143128.819198423,200186.819073704,97560.9572918766,2528403.404436
"Benin",204,"2022","Benin2022",3057860,165005.388420206,202253.322459262,106088.230092071,2584513.05902846
"Benin",204,"2023","Benin2023",3149020,188912.255288052,201930.331793116,114880.036006108,2643297.37691272
"Benin",204,"2024","Benin2024",3242760,214309.348955445,199533.05857379,123788.577494357,2705129.01497641
"Benin",204,"2025","Benin2025",3338910,243448.477467118,198296.55653066,134050.368455864,2763114.59754636
"Benin",204,"2026","Benin2026",3434840,270169.945784701,196345.278930864,143182.323856187,2825142.45142825
"Benin",204,"2027","Benin2027",3533580,299391.071560716,196488.833096476,152588.2261847,2885111.86915811
"Benin",204,"2028","Benin2028",3634770,329576.044555794,197052.843837338,161411.126710098,2946729.98489677
"Benin",204,"2029","Benin2029",3737910,361006.129074303,197869.683470873,169777.343476222,3009256.8439786
"Benin",204,"2030","Benin2030",3842660,392405.343275261,198027.84428208,177093.774562479,3075133.03788018
"Bhutan",64,"2019","Bhutan2019",205450,31923.6347096101,16276.4178767784,37979.5892610882,119270.358152523
"Bhutan",64,"2020","Bhutan2020",207660,32809.6993332333,16732.6649730963,38055.9197779779,120061.715915693
"Bhutan",64,"2021","Bhutan2021",209640,33728.7727771183,17213.1205849553,38140.4016997359,120557.70493819
"Bhutan",64,"2022","Bhutan2022",211730,34612.0981328906,17673.956821511,38150.3887804716,121293.556265127
"Bhutan",64,"2023","Bhutan2023",213770,35573.1341552493,18176.8105284153,38213.9236163951,121806.13169994
"Bhutan",64,"2024","Bhutan2024",215550,36446.226599233,18728.4835283267,38156.5267544864,122218.763117954
"Bhutan",64,"2025","Bhutan2025",216970,37158.7707980731,19202.4220093233,37907.4373744992,122701.369818104
"Bhutan",64,"2026","Bhutan2026",218250,37905.8331501231,19542.2123080295,37707.3494189828,123094.605122865
"Bhutan",64,"2027","Bhutan2027",219100,38543.0108211891,19902.9925731532,37362.357902593,123291.638703065
"Bhutan",64,"2028","Bhutan2028",219620,39056.9543177317,20274.460208062,36867.2684319292,123421.317042277
"Bhutan",64,"2029","Bhutan2029",219980,39620.4944327348,20742.1937033262,36389.2584189718,123228.053444967
"Bhutan",64,"2030","Bhutan2030",220210,39996.1559747715,21177.2929621669,35711.5415473182,123325.009515743
"Bolivia (Plurinational State of)",68,"2019","Bolivia (Plurinational State of)2019",2950660,358322.485276389,325392.395703884,243505.868618064,2023439.25040166
"Bolivia (Plurinational State of)",68,"2020","Bolivia (Plurinational State of)2020",2999950,369222.989831389,336823.808785802,258386.064298242,2035517.13708457
"Bolivia (Plurinational State of)",68,"2021","Bolivia (Plurinational State of)2021",3049790,379861.176115774,350085.192387703,274139.316362267,2045704.31513426
"Bolivia (Plurinational State of)",68,"2022","Bolivia (Plurinational State of)2022",3097270,389646.501688753,362445.631374636,289801.871005121,2055375.99593149
"Bolivia (Plurinational State of)",68,"2023","Bolivia (Plurinational State of)2023",3142750,399140.427419764,374174.244236107,305700.595774933,2063734.7325692
"Bolivia (Plurinational State of)",68,"2024","Bolivia (Plurinational State of)2024",3186990,408108.810281715,385638.302703963,321796.008971514,2071446.87804281
"Bolivia (Plurinational State of)",68,"2025","Bolivia (Plurinational State of)2025",3230200,416699.425482333,396942.388542436,338183.506430206,2078374.67954502
"Bolivia (Plurinational State of)",68,"2026","Bolivia (Plurinational State of)2026",3272480,423635.856473391,408415.239489995,355206.108686433,2085222.79535018
"Bolivia (Plurinational State of)",68,"2027","Bolivia (Plurinational State of)2027",3314220,431053.014829957,419978.498828389,372616.743707769,2090571.74263389
"Bolivia (Plurinational State of)",68,"2028","Bolivia (Plurinational State of)2028",3354770,438984.131705551,431630.514469497,390408.716259005,2093746.63756595
"Bolivia (Plurinational State of)",68,"2029","Bolivia (Plurinational State of)2029",3393200,446912.957307265,442825.369818319,408074.027044788,2095387.64582963
"Bolivia (Plurinational State of)",68,"2030","Bolivia (Plurinational State of)2030",3429100,454542.802592219,453222.416125942,425261.035724506,2096073.74555733
"Burkina Faso",854,"2019","Burkina Faso2019",4735870,603170.660750896,243802.330926105,385489.455127374,3503407.55319563
"Burkina Faso",854,"2020","Burkina Faso2020",4891150,672917.364414161,221912.355378501,412947.732264825,3583372.54794251
"Burkina Faso",854,"2021","Burkina Faso2021",5049170,747036.769622056,198801.573828854,441478.081119772,3661853.57542932
"Burkina Faso",854,"2022","Burkina Faso2022",5214610,814449.556722182,184832.168695842,464050.27217763,3751278.00240435
"Burkina Faso",854,"2023","Burkina Faso2023",5386330,889715.168709628,169343.888564322,489524.180514726,3837746.76221132
"Burkina Faso",854,"2024","Burkina Faso2024",5562420,967329.916337682,151403.214049427,514330.369179173,3929356.50043372
"Burkina Faso",854,"2025","Burkina Faso2025",5741540,1029539.77077408,156030.743181751,529599.3539147,4026370.13212947
"Burkina Faso",854,"2026","Burkina Faso2026",5920810,1093616.66840445,159796.78901753,547803.457358856,4119593.08521916
"Burkina Faso",854,"2027","Burkina Faso2027",6103560,1164960.82562193,164249.784045467,566428.266652106,4207921.12368049
"Burkina Faso",854,"2028","Burkina Faso2028",6289720,1232978.74606312,168055.476737289,580853.714489692,4307832.0627099
"Burkina Faso",854,"2029","Burkina Faso2029",6479340,1303519.2170171,172169.097362175,594359.087724416,4409292.59789631
"Burkina Faso",854,"2030","Burkina Faso2030",6672380,1374873.75284478,176429.137655746,606390.767146644,4514686.34235283
"Burundi",108,"2019","Burundi2019",2700740,164076.479744307,65186.7006778734,241095.740478554,2230381.07909927
"Burundi",108,"2020","Burundi2020",2793050,183008.624151234,60661.9250364527,262058.867895003,2287320.58291731
"Burundi",108,"2021","Burundi2021",2891190,203790.499039034,56738.1950397971,284672.292230845,2345989.01369032
"Burundi",108,"2022","Burundi2022",2993560,225444.242358423,51551.9918609383,307544.289427435,2409019.4763532
"Burundi",108,"2023","Burundi2023",3100310,249333.437508767,45591.0874931084,332560.923847248,2472824.55115088
"Burundi",108,"2024","Burundi2024",3211330,270087.006266067,46314.4251060379,352333.679055618,2542594.88957228
"Burundi",108,"2025","Burundi2025",3326240,292852.932552436,47107.4468194254,373799.700188148,2612479.92043999
"Burundi",108,"2026","Burundi2026",3443070,315594.993740384,47472.5849978544,395259.102595426,2684743.31866634
"Burundi",108,"2027","Burundi2027",3563790,340837.357677128,47949.4872587643,418510.261394737,2756492.89366937
"Burundi",108,"2028","Burundi2028",3687170,368216.355299744,48458.2922576497,442942.330837188,2827553.02160542
"Burundi",108,"2029","Burundi2029",3811370,394841.401727202,48626.2347227332,465008.074216181,2902894.28933388
"Burundi",108,"2030","Burundi2030",3935100,423694.678204297,48852.4613882707,488225.893539634,2974326.9668678
"Cambodia",116,"2019","Cambodia2019",4458270,325683.016770525,707057.945954346,308575.158236685,3116953.87903844
"Cambodia",116,"2020","Cambodia2020",4508130,347279.057532591,728134.783396335,307430.983600802,3125285.17547027
"Cambodia",116,"2021","Cambodia2021",4561040,370053.856345135,748931.037499661,305464.260705566,3136590.84544964
"Cambodia",116,"2022","Cambodia2022",4612340,392971.394023129,768437.458476852,302350.576167972,3148580.57133205
"Cambodia",116,"2023","Cambodia2023",4666770,417123.161169301,788893.50984735,298995.685802658,3161757.64318069
"Cambodia",116,"2024","Cambodia2024",4730960,441305.721404175,807906.131568613,294482.560016931,3187265.58701028
"Cambodia",116,"2025","Cambodia2025",4807970,467446.023058084,829069.029536538,290132.289911199,3221322.65749418
"Cambodia",116,"2026","Cambodia2026",4900520,494893.949523359,852890.549350607,285587.920219334,3267147.5809067
"Cambodia",116,"2027","Cambodia2027",5006900,524309.843654645,877895.3684776,280773.682859002,3323921.10500875
"Cambodia",116,"2028","Cambodia2028",5113740,553544.715909785,900205.387653215,274591.883019405,3385398.0134176
"Cambodia",116,"2029","Cambodia2029",5200150,582504.249707921,919632.453004173,267223.005301141,3430790.29198677
"Cambodia",116,"2030","Cambodia2030",5253770,608885.435338189,932651.880630909,257910.551399076,3454322.13263183
"Cameroon",120,"2019","Cameroon2019",6269000,160752.003738308,1037888.90587851,265447.425965384,4804911.6644178
"Cameroon",120,"2020","Cameroon2020",6461040,187741.566091758,1089752.41483204,289511.014489509,4894035.0045867
"Cameroon",120,"2021","Cameroon2021",6654180,216712.026408698,1131254.40234269,317392.614586583,4988820.95666203
"Cameroon",120,"2022","Cameroon2022",6853030,247784.754949196,1171939.12347153,347259.745444081,5086046.37613519
"Cameroon",120,"2023","Cameroon2023",7057380,281366.030264336,1213184.19924909,379183.530137315,5183646.24034926
"Cameroon",120,"2024","Cameroon2024",7266800,318599.732053275,1258639.74880913,413561.818543388,5275998.70059421
"Cameroon",120,"2025","Cameroon2025",7480630,354929.984007344,1290457.00158845,445898.385460837,5389344.62894337
"Cameroon",120,"2026","Cameroon2026",7692420,393394.646923468,1327790.96938347,481419.124304211,5489815.25938885
"Cameroon",120,"2027","Cameroon2027",7908890,435575.890895412,1365273.73715263,519228.63143894,5588811.74051302
"Cameroon",120,"2028","Cameroon2028",8128760,481613.962850596,1402397.99034835,559232.083061234,5685515.96373982
"Cameroon",120,"2029","Cameroon2029",8350360,530340.376618157,1435200.63329731,599852.252009414,5784966.73807512
"Cameroon",120,"2030","Cameroon2030",8572560,584812.577281425,1471423.76749705,644319.611994658,5872004.04322687
"Central African Republic",140,"2019","Central African Republic2019",1112190,11107.7905375659,142164.391847766,6097.94504832052,952819.872566347
"Central African Republic",140,"2020","Central African Republic2020",1141230,13237.0517503084,150274.065295714,7607.14889984521,970111.734054133
"Central African Republic",140,"2021","Central African Republic2021",1174740,15493.0467706149,158330.540093934,9285.08031508199,991631.332820369
"Central African Republic",140,"2022","Central African Republic2022",1209780,18050.8769930164,167387.332718218,11203.6192208299,1013138.17106794
"Central African Republic",140,"2023","Central African Republic2023",1246260,20748.236231312,175629.145195067,13257.8797500667,1036624.73882355
"Central African Republic",140,"2024","Central African Republic2024",1284200,23789.7861788084,184610.332613571,15563.3514714928,1060236.52973613
"Central African Republic",140,"2025","Central African Republic2025",1323420,27180.9740624756,193774.074424125,18088.742298767,1084376.20921463
"Central African Republic",140,"2026","Central African Republic2026",1362010,31250.8173422958,203375.202857605,20702.2028053394,1106681.77699476
"Central African Republic",140,"2027","Central African Republic2027",1402150,35676.2942484562,212012.071952276,23523.1537578501,1130938.48004142
"Central African Republic",140,"2028","Central African Republic2028",1443150,40589.9544227028,220333.306234296,26634.6071331003,1155592.1322099
"Central African Republic",140,"2029","Central African Republic2029",1484290,45968.305670761,228000.231974571,30015.9240441748,1180305.53831049
"Central African Republic",140,"2030","Central African Republic2030",1525160,52048.3035734273,235955.867096138,33815.8996859493,1203339.92964448
"Chad",148,"2019","Chad2019",3602960,57751.3226202165,51654.6427770549,98481.9049042092,3395072.12969852
"Chad",148,"2020","Chad2020",3738610,63388.3444794337,53215.6466366267,106750.92421293,3515255.08467101
"Chad",148,"2021","Chad2021",3872970,70241.8212856593,54358.8870845276,116951.599425511,3631417.6922043
"Chad",148,"2022","Chad2022",4012510,77272.9381978609,54960.2073365694,127294.64768465,3752982.20678092
"Chad",148,"2023","Chad2023",4156770,85231.595578401,56029.1394926963,138988.961448952,3876520.30347995
"Chad",148,"2024","Chad2024",4305210,93551.0025133598,56732.6896625889,151065.872780284,4003860.43504377
"Chad",148,"2025","Chad2025",4457560,101968.664731103,59800.2013537219,162915.35969237,4132875.7742228
"Chad",148,"2026","Chad2026",4607830,109994.433551088,62705.8167186941,174792.460682443,4260337.28904777
"Chad",148,"2027","Chad2027",4762660,119489.433265959,66004.7557719797,188195.171569907,4388970.63939215
"Chad",148,"2028","Chad2028",4921730,129541.237962837,69172.2496606137,201672.213256409,4521344.29912014
"Chad",148,"2029","Chad2029",5084650,140532.709084013,72414.8521070458,215816.659204903,4655885.77960404
"Chad",148,"2030","Chad2030",5251260,151613.294403792,75296.428988159,229317.31909282,4795032.95751523
"Comoros",174,"2019","Comoros2019",209710,6075.59679547622,12566.1530935261,11753.1966580952,179315.053452903
"Comoros",174,"2020","Comoros2020",214850,6896.90222820737,12798.4095451509,12696.0799544601,182458.608272182
"Comoros",174,"2021","Comoros2021",220130,7832.68764038034,13085.2355972322,13752.5240038743,185459.552758513
"Comoros",174,"2022","Comoros2022",225470,8817.93350298137,13281.556994928,14810.5945407548,188559.914961336
"Comoros",174,"2023","Comoros2023",230880,9889.45039503807,13441.1320288139,15947.4489431017,191601.968633046
"Comoros",174,"2024","Comoros2024",236430,11068.1415783966,13503.6892176122,17078.8966616604,194779.272542331
"Comoros",174,"2025","Comoros2025",242130,12408.6996626212,13592.9929101413,18374.0339535357,197754.273473702
"Comoros",174,"2026","Comoros2026",247810,13829.8366485696,13451.9807202825,19801.320151737,200726.862479411
"Comoros",174,"2027","Comoros2027",253630,15286.9759712452,13253.626629172,21153.0195673985,203936.377832184
"Comoros",174,"2028","Comoros2028",259530,16872.8656871917,13087.0099716714,22552.5750460542,207017.549295083
"Comoros",174,"2029","Comoros2029",265400,18600.9139623846,12952.076406051,24004.2847720951,209842.724859469
"Comoros",174,"2030","Comoros2030",271200,20391.8092372874,12789.1693070289,25395.4519928964,212623.569462787
"Congo",178,"2019","Congo2019",1294890,23154.8113901698,288116.533851813,38810.7718063318,944807.882951685
"Congo",178,"2020","Congo2020",1329050,28817.0654459497,300268.018910502,42964.5290515334,957000.386592016
"Congo",178,"2021","Congo2021",1365210,34852.8522908291,311148.136229339,47272.8593056886,971936.152174143
"Congo",178,"2022","Congo2022",1402190,41186.9856873868,321002.864431469,51835.4672518796,988164.682629264
"Congo",178,"2023","Congo2023",1440180,47858.2928555689,331469.435831494,56659.4051984647,1004192.86611447
"Congo",178,"2024","Congo2024",1479430,55258.0652843887,343156.22517204,61986.2165161003,1019029.49302747
"Congo",178,"2025","Congo2025",1519880,63153.0220867486,354354.372732552,67560.7967572907,1034811.80842341
"Congo",178,"2026","Congo2026",1560450,70670.4867860345,364086.358508375,73081.8823937009,1052611.27231189
"Congo",178,"2027","Congo2027",1602340,79165.5648189754,374522.75507366,79132.262855591,1069519.41725177
"Congo",178,"2028","Congo2028",1645230,88722.6918109952,385484.041649577,85718.140606987,1085305.12593244
"Congo",178,"2029","Congo2029",1688520,98777.6209646779,394198.982981962,92234.3995169893,1103308.99653637
"Congo",178,"2030","Congo2030",1731990,110092.591836155,403605.271674139,99349.2763484209,1118942.86014128
"Cote d'Ivoire",384,"2019","Cote d'Ivoire2019",6227670,173569.809892408,850543.316181621,302356.566761389,4901200.30716458
"Cote d'Ivoire",384,"2020","Cote d'Ivoire2020",6417570,214221.310187692,872811.938519235,320555.149383275,5009981.6019098
"Cote d'Ivoire",384,"2021","Cote d'Ivoire2021",6604870,257829.586660463,888704.294300931,339850.264198703,5118485.8548399
"Cote d'Ivoire",384,"2022","Cote d'Ivoire2022",6794930,306396.423834171,906151.282592136,361786.901930714,5220595.39164298
"Cote d'Ivoire",384,"2023","Cote d'Ivoire2023",6987770,357647.587574044,917484.798160525,383202.230670674,5329435.38359476
"Cote d'Ivoire",384,"2024","Cote d'Ivoire2024",7184250,414329.870710734,926670.401213281,404627.394599103,5438622.33347688
"Cote d'Ivoire",384,"2025","Cote d'Ivoire2025",7384930,477750.987773417,939034.792204796,429060.588647747,5539083.63137404
"Cote d'Ivoire",384,"2026","Cote d'Ivoire2026",7585840,540627.436790473,946795.907829907,454998.129227437,5643418.52615218
"Cote d'Ivoire",384,"2027","Cote d'Ivoire2027",7790710,608794.19136327,950834.412491722,480115.979645915,5750965.41649909
"Cote d'Ivoire",384,"2028","Cote d'Ivoire2028",8000190,682645.763844191,951712.583601783,504435.85688107,5861395.79567296
"Cote d'Ivoire",384,"2029","Cote d'Ivoire2029",8215170,763644.650822007,951215.769783364,528699.110430621,5971610.46896401
"Cote d'Ivoire",384,"2030","Cote d'Ivoire2030",8435920,849830.253650396,946671.421555182,551225.131032968,6088193.19376145
"Democratic People's Republic of Korea",408,"2019","Democratic People's Republic of Korea2019",6548200,3380644.30735083,152610.9240816,17256.4233407946,2997688.34522678
"Democratic People's Republic of Korea",408,"2020","Democratic People's Republic of Korea2020",6485160,3344823.6380076,166883.191126886,16445.8110806663,2957007.35978485
"Democratic People's Republic of Korea",408,"2021","Democratic People's Republic of Korea2021",6420830,3308128.49107814,180829.716035048,15700.9362429082,2916170.85664391
"Democratic People's Republic of Korea",408,"2022","Democratic People's Republic of Korea2022",6351030,3267303.14923164,193897.100310824,14922.6980121522,2874907.05244538
"Democratic People's Republic of Korea",408,"2023","Democratic People's Republic of Korea2023",6282530,3228648.03524253,206010.431595059,14024.8897451775,2833846.64341724
"Democratic People's Republic of Korea",408,"2024","Democratic People's Republic of Korea2024",6225870,3196184.42237403,218042.208640362,13174.164224224,2798469.20476138
"Democratic People's Republic of Korea",408,"2025","Democratic People's Republic of Korea2025",6187420,3172835.84869883,232451.858625384,12163.3149762466,2769968.97769954
"Democratic People's Republic of Korea",408,"2026","Democratic People's Republic of Korea2026",6171000,3169651.08908577,245251.909550401,11064.9756057457,2745032.02575809
"Democratic People's Republic of Korea",408,"2027","Democratic People's Republic of Korea2027",6173390,3173755.27534236,259713.71152689,10088.3306185233,2729832.68251222
"Democratic People's Republic of Korea",408,"2028","Democratic People's Republic of Korea2028",6187280,3178491.53802413,275446.831077714,9199.06906831763,2724142.56182984
"Democratic People's Republic of Korea",408,"2029","Democratic People's Republic of Korea2029",6200390,3186470.45489077,292796.519194439,8396.0964894135,2712726.92942538
"Democratic People's Republic of Korea",408,"2030","Democratic People's Republic of Korea2030",6204720,3181967.2156937,310387.296788442,7632.61143087522,2704732.87608698
"Democratic Republic of the Congo",180,"2019","Democratic Republic of the Congo2019",19352030,408320.461338184,1567294.10415967,287022.576667854,17089392.8578343
"Democratic Republic of the Congo",180,"2020","Democratic Republic of the Congo2020",20043800,464037.100982402,1673043.26847388,325037.174298047,17581682.4562457
"Democratic Republic of the Congo",180,"2021","Democratic Republic of the Congo2021",20746900,527457.100265049,1783841.00138469,368927.412401189,18066674.4859491
"Democratic Republic of the Congo",180,"2022","Democratic Republic of the Congo2022",21480610,598842.82513226,1902534.956398,418451.853076,18560780.3653937
"Democratic Republic of the Congo",180,"2023","Democratic Republic of the Congo2023",22245700,676700.479621988,2023139.56399703,472394.068854661,19073465.8875263
"Democratic Republic of the Congo",180,"2024","Democratic Republic of the Congo2024",23043280,756405.471131313,2138325.38073631,528083.651178723,19620465.4969537
"Democratic Republic of the Congo",180,"2025","Democratic Republic of the Congo2025",23873160,849511.036306126,2272230.97713015,593649.900060665,20157768.0865031
"Democratic Republic of the Congo",180,"2026","Democratic Republic of the Congo2026",24709530,944725.216444886,2396723.72266294,660460.024230634,20707621.0366615
"Democratic Republic of the Congo",180,"2027","Democratic Republic of the Congo2027",25579750,1046148.84325175,2514407.23735811,730737.961606511,21288455.9577836
"Democratic Republic of the Congo",180,"2028","Democratic Republic of the Congo2028",26480420,1159264.02110772,2636833.36587014,808075.853635859,21876246.7593863
"Democratic Republic of the Congo",180,"2029","Democratic Republic of the Congo2029",27406610,1287110.03322434,2767772.71139259,894310.257931659,22457416.9974514
"Democratic Republic of the Congo",180,"2030","Democratic Republic of the Congo2030",28354800,1419715.79127001,2883461.7799225,982209.955750701,23069412.4730568
"Djibouti",262,"2019","Djibouti2019",253970,3927.90269762725,15581.5051283488,8856.32767047292,225604.264503551
"Djibouti",262,"2020","Djibouti2020",257110,4535.57463168076,16120.8467000766,9532.62182381301,226920.95684443
"Djibouti",262,"2021","Djibouti2021",260560,5061.65343185756,16613.2755482947,10202.6797881753,228682.391231672
"Djibouti",262,"2022","Djibouti2022",263230,5663.66185589027,17143.8099262232,10941.7635083066,229480.76470958
"Djibouti",262,"2023","Djibouti2023",265470,6308.94800802123,17639.568416576,11707.289934384,229814.193641019
"Djibouti",262,"2024","Djibouti2024",267870,7046.77847676269,18136.0971466092,12525.2098052665,230161.914571362
"Djibouti",262,"2025","Djibouti2025",270720,7833.22553572615,18552.7078345215,13343.4591786641,230990.607451088
"Djibouti",262,"2026","Djibouti2026",273650,8666.17903665813,18917.1656963101,14227.1476047446,231839.507662287
"Djibouti",262,"2027","Djibouti2027",276950,9601.80243661231,19312.7408221429,15176.7156750898,232858.741066155
"Djibouti",262,"2028","Djibouti2028",280470,10642.030364812,19724.8080442484,16184.2257728997,233918.93581804
"Djibouti",262,"2029","Djibouti2029",283820,11791.0605066193,20144.8342686364,17244.9872864229,234639.117938321
"Djibouti",262,"2030","Djibouti2030",286850,12935.8960560455,20380.6040330988,18189.1600529804,235344.339857875
"Egypt",818,"2019","Egypt2019",24938350,5773900.5022444,3167452.90993547,1568632.15831749,14428364.4295026
"Egypt",818,"2020","Egypt2020",25300820,5767281.18232403,3344973.14355078,1603152.35436152,14585413.3197637
"Egypt",818,"2021","Egypt2021",25724130,5769025.09141267,3534846.4787951,1641838.05914495,14778420.3706473
"Egypt",818,"2022","Egypt2022",26098320,5752281.3612176,3720110.79309254,1676592.40127566,14949335.4444142
"Egypt",818,"2023","Egypt2023",26459770,5729869.70176678,3908244.88952068,1711138.88744566,15110516.5212669
"Egypt",818,"2024","Egypt2024",26862400,5695333.34419689,4094165.67369345,1743309.92797783,15329591.0541318
"Egypt",818,"2025","Egypt2025",27330050,5659520.81916447,4285205.07930165,1776437.55421863,15608886.5473153
"Egypt",818,"2026","Egypt2026",27836460,5613515.11549579,4474399.3388562,1811580.03082864,15936965.5148194
"Egypt",818,"2027","Egypt2027",28397970,5578929.43981716,4678655.66492543,1849733.3470079,16290651.5482495
"Egypt",818,"2028","Egypt2028",28996570,5525604.57261563,4873456.07266211,1881077.36886202,16716431.9858602
"Egypt",818,"2029","Egypt2029",29593350,5478833.80653827,5080350.16909347,1914063.64810805,17120102.3762602
"Egypt",818,"2030","Egypt2030",30163250,5423259.54700451,5285815.793478,1943454.94074405,17510719.7187734
"Eritrea",232,"2019","Eritrea2019",823550,7083.86217846676,44120.5565938358,18723.2015811448,753622.379646553
"Eritrea",232,"2020","Eritrea2020",841590,8656.37970847321,45783.88490464,20533.2117073574,766616.523679529
"Eritrea",232,"2021","Eritrea2021",861540,10419.0876294476,47287.7187964932,22455.056765934,781378.136808125
"Eritrea",232,"2022","Eritrea2022",885760,12437.6360139008,49145.0791719703,24688.50171854,799488.783095589
"Eritrea",232,"2023","Eritrea2023",912790,14589.9394912725,50690.9583096209,26938.918823529,820570.183375578
"Eritrea",232,"2024","Eritrea2024",940190,17014.0148381822,52368.7194362714,29450.4534387433,841356.812286803
"Eritrea",232,"2025","Eritrea2025",966680,19686.4655067428,54037.8458953289,32162.6184017771,860793.070196151
"Eritrea",232,"2026","Eritrea2026",994690,22346.0308691837,55769.5240437824,35175.4204774408,881399.024609593
"Eritrea",232,"2027","Eritrea2027",1021510,25279.0568079278,57205.9107929834,38209.4584090243,900815.573990064
"Eritrea",232,"2028","Eritrea2028",1047410,28690.5754765688,58723.3090858936,41507.769918812,918488.345518726
"Eritrea",232,"2029","Eritrea2029",1073390,32567.4861462639,60151.3816027775,44963.2495058297,935707.882745129
"Eritrea",232,"2030","Eritrea2030",1099840,36735.9139763043,61098.6356640365,48266.3496400087,953739.10071965
"Ethiopia",231,"2019","Ethiopia2019",27620500,2171225.9573068,351711.37302703,4635807.92977351,20461754.7398927
"Ethiopia",231,"2020","Ethiopia2020",28513250,2401216.64375249,283794.084414205,4955651.5380627,20872587.7337706
"Ethiopia",231,"2021","Ethiopia2021",29394050,2641006.89626653,203785.981428967,5289529.2287433,21259727.8935612
"Ethiopia",231,"2022","Ethiopia2022",30272820,2867292.24469718,214704.840356831,5575273.54024781,21615549.3746982
"Ethiopia",231,"2023","Ethiopia2023",31152690,3106943.79996214,226253.884234727,5868320.01316236,21951172.3026408
"Ethiopia",231,"2024","Ethiopia2024",32042090,3349541.9035837,237735.190123086,6147750.67240783,22307062.2338854
"Ethiopia",231,"2025","Ethiopia2025",32945960,3601922.97970878,256286.255660015,6430783.03016635,22656967.7344648
"Ethiopia",231,"2026","Ethiopia2026",33859300,3863181.95017616,275880.729456601,6731020.37998262,22989216.9403846
"Ethiopia",231,"2027","Ethiopia2027",34787440,4113932.7533898,294806.921520015,6987401.38384439,23391298.9412458
"Ethiopia",231,"2028","Ethiopia2028",35726060,4390463.60765358,315695.238813585,7262187.20735305,23757713.9461798
"Ethiopia",231,"2029","Ethiopia2029",36667920,4690471.29305741,338431.578915722,7549195.59271212,24089821.5353147
"Ethiopia",231,"2030","Ethiopia2030",37608430,4983423.10967815,360859.868887625,7798560.60945305,24465586.4119812
"Gambia",270,"2019","Gambia2019",564690,10457.0696236721,14697.9060422881,20615.877809706,518919.146524334
"Gambia",270,"2020","Gambia2020",582330,12385.8878562756,14351.7929988065,22041.2973479935,533551.021796924
"Gambia",270,"2021","Gambia2021",599970,14547.7926412752,13922.8848821787,23619.3212460683,547880.001230478
"Gambia",270,"2022","Gambia2022",618670,16915.873377585,13349.0069094482,25274.2299128269,563130.88980014
"Gambia",270,"2023","Gambia2023",638360,19419.9644983271,12560.9501176464,26891.3083716114,579487.777012415
"Gambia",270,"2024","Gambia2024",658810,22239.9625836048,11713.7671822547,28732.5635878451,596123.706646295
"Gambia",270,"2025","Gambia2025",679930,25009.3678620318,11215.3155874062,30320.5305728106,613384.785977752
"Gambia",270,"2026","Gambia2026",700820,28200.2393081027,9957.39178873577,32548.4536076566,630113.915295505
"Gambia",270,"2027","Gambia2027",722450,31586.2713737411,8961.43780648462,34628.727481861,647273.563337913
"Gambia",270,"2028","Gambia2028",744820,35094.3053504965,8171.4514266833,36471.8564613353,665082.386761485
"Gambia",270,"2029","Gambia2029",767960,38982.4883862898,7608.47871759021,38334.600595207,683034.432300913
"Gambia",270,"2030","Gambia2030",791810,43102.7442096625,7195.95403601113,40043.1460554866,701468.15569884
"Ghana",288,"2019","Ghana2019",7567060,601098.798888632,595455.481882378,474993.944245601,5895511.77498339
"Ghana",288,"2020","Ghana2020",7726940,667001.269138512,582118.643410675,500764.160508153,5977055.92694266
"Ghana",288,"2021","Ghana2021",7892450,735381.028537662,564482.323714671,526224.679294765,6066361.9684529
"Ghana",288,"2022","Ghana2022",8058020,810854.613446508,544995.876881508,554201.897425246,6147967.61224674
"Ghana",288,"2023","Ghana2023",8225900,891571.874457495,521794.537831005,582654.011597955,6229879.57611354
"Ghana",288,"2024","Ghana2024",8399010,967317.266479754,510252.860340887,607796.567425993,6313643.30575337
"Ghana",288,"2025","Ghana2025",8578460,1047526.65856105,495187.562254044,633186.571450071,6402559.20773484
"Ghana",288,"2026","Ghana2026",8761530,1121746.70328063,489504.251285457,657235.191424568,6493043.85400934
"Ghana",288,"2027","Ghana2027",8950860,1200998.76861865,484922.178452364,681294.81898338,6583644.2339456
"Ghana",288,"2028","Ghana2028",9144490,1284251.50314316,481031.62624042,704761.149782782,6674445.72083364
"Ghana",288,"2029","Ghana2029",9338860,1365399.65226407,475745.469583594,724393.070669009,6773321.80748332
"Ghana",288,"2030","Ghana2030",9531620,1448955.99881802,470972.513628401,742814.939157523,6868876.54839606
"Guinea",324,"2019","Guinea2019",3117490,37434.47419285,236619.818084597,89306.212790276,2754129.49493228
"Guinea",324,"2020","Guinea2020",3221440,49597.7267938392,246714.185284359,96728.3051011655,2828399.78282064
"Guinea",324,"2021","Guinea2021",3324340,63003.8332132735,255338.013807435,104378.638621797,2901619.51435749
"Guinea",324,"2022","Guinea2022",3429670,77901.5599272152,263586.933581979,112355.69991206,2975825.80657875
"Guinea",324,"2023","Guinea2023",3537090,94208.2308348608,270633.689844688,120584.15792154,3051663.92139891
"Guinea",324,"2024","Guinea2024",3646250,112068.000772295,276917.177116752,129136.246151001,3128128.57595995
"Guinea",324,"2025","Guinea2025",3756990,132064.617642105,283584.324305543,138567.851038389,3202773.20701396
"Guinea",324,"2026","Guinea2026",3867310,152261.918595991,287961.005377189,148804.123439155,3278282.95258766
"Guinea",324,"2027","Guinea2027",3979450,174417.43627183,292027.867187015,158764.726093302,3354239.97044785
"Guinea",324,"2028","Guinea2028",4093260,199839.477601484,297544.562892703,169425.66242773,3426450.29707808
"Guinea",324,"2029","Guinea2029",4208840,226677.999515201,301290.562882263,178992.529544729,3501878.90805781
"Guinea",324,"2030","Guinea2030",4326120,255474.721113962,304124.81523148,187886.425771689,3578634.03788287
"GuineaBissau",624,"2019","GuineaBissau2019",478870,68781.2486693602,49753.0002825588,7460.4963511171,352875.254696964
"GuineaBissau",624,"2020","GuineaBissau2020",492130,74694.2660186749,49668.7573447815,8246.78489825987,359520.191738284
"GuineaBissau",624,"2021","GuineaBissau2021",505520,80525.1351958145,49108.3610397883,9136.72874446075,366749.775019936
"GuineaBissau",624,"2022","GuineaBissau2022",519240,86620.877954527,48900.7872097067,10084.8541043305,373633.480731436
"GuineaBissau",624,"2023","GuineaBissau2023",533360,93132.6827328821,48482.1468113527,11092.4804956377,380652.689960127
"GuineaBissau",624,"2024","GuineaBissau2024",547900,99559.3258102217,48609.2019385468,12072.8358689944,387658.636382237
"GuineaBissau",624,"2025","GuineaBissau2025",562860,105956.272473127,48472.2118669299,13040.984038181,395390.531621762
"GuineaBissau",624,"2026","GuineaBissau2026",577870,112459.271461255,48808.0020792618,14012.2330197155,402590.493439768
"GuineaBissau",624,"2027","GuineaBissau2027",593240,119027.873793751,49028.9209241461,15002.6720200341,410180.533262068
"GuineaBissau",624,"2028","GuineaBissau2028",608910,125669.770915964,49150.7999502757,16011.9516520571,418077.477481703
"GuineaBissau",624,"2029","GuineaBissau2029",624690,132165.729599812,49103.4526680921,17010.5345519201,426410.283180176
"GuineaBissau",624,"2030","GuineaBissau2030",640380,139030.360065534,49090.9814181671,18063.1431286186,434195.51538768
"Haiti",332,"2019","Haiti2019",3014750,84683.5952010909,232534.119017518,451998.460083152,2245533.82569824
"Haiti",332,"2020","Haiti2020",3061590,91039.6868914233,241693.28082486,472847.021549996,2256010.01073372
"Haiti",332,"2021","Haiti2021",3108360,97342.8509636389,254328.488895483,491321.755898978,2265366.9042419
"Haiti",332,"2022","Haiti2022",3154440,103822.114776576,268412.984676063,509930.934195023,2272273.96635234
"Haiti",332,"2023","Haiti2023",3199510,110259.513414194,280086.037748662,526890.202006409,2282274.24683074
"Haiti",332,"2024","Haiti2024",3243110,116988.499957994,293177.350869626,544525.780626883,2288418.3685455
"Haiti",332,"2025","Haiti2025",3284840,123888.019264245,305622.281294568,561845.347240563,2293484.35220062
"Haiti",332,"2026","Haiti2026",3325240,130889.030558706,319352.584028754,580481.359245362,2294517.02616718
"Haiti",332,"2027","Haiti2027",3363930,137818.139887793,332371.763942891,597209.456079252,2296530.64009006
"Haiti",332,"2028","Haiti2028",3400150,145262.175771449,346061.610276973,614522.729960474,2294303.4839911
"Haiti",332,"2029","Haiti2029",3432900,152155.429433868,357846.892333005,627855.442044702,2295042.23618842
"Haiti",332,"2030","Haiti2030",3461660,159561.180305937,370224.026425702,641651.912220973,2290222.88104739
"Honduras",340,"2019","Honduras2019",2667640,578922.623612337,314739.832427615,327934.876905873,1446042.66705418
"Honduras",340,"2020","Honduras2020",2719140,591205.480292357,324976.611870216,337041.428843448,1465916.47899398
"Honduras",340,"2021","Honduras2021",2767660,603550.825779657,335441.394807166,345796.125288687,1482871.65412449
"Honduras",340,"2022","Honduras2022",2815850,617004.453477911,346734.793545371,355279.087689722,1496831.665287
"Honduras",340,"2023","Honduras2023",2862520,629408.076341039,357655.836106228,364286.776535889,1511169.31101684
"Honduras",340,"2024","Honduras2024",2906060,640625.850628188,368110.986632854,372742.473349899,1524580.68938906
"Honduras",340,"2025","Honduras2025",2945720,650357.632335242,377901.317141168,380508.292964031,1536952.75755956
"Honduras",340,"2026","Honduras2026",2983800,660570.009043243,388170.552399954,389488.941717045,1545570.49683976
"Honduras",340,"2027","Honduras2027",3018210,668558.769091743,397332.62218267,396925.078575903,1555393.53014968
"Honduras",340,"2028","Honduras2028",3049600,677675.978708978,407343.140918564,404752.823912346,1559828.05646011
"Honduras",340,"2029","Honduras2029",3079180,686484.084855286,417332.015512731,412077.530367594,1563286.36926439
"Honduras",340,"2030","Honduras2030",3107630,694067.026827133,426705.385454172,418297.85724947,1568559.73046922
"India",356,"2019","India2019",353356950,107858648.47568,28235908.8962838,1300.56993039019,217261092.058106
"India",356,"2020","India2020",357411430,110124667.517263,29116522.1336275,1521.69801114157,218168718.651098
"India",356,"2021","India2021",361149250,112260977.709248,29981717.5027979,1699.38769523043,218904855.400259
"India",356,"2022","India2022",364963350,114078728.313364,30782514.2334818,1819.93526046705,220100287.517894
"India",356,"2023","India2023",368688420,116104015.55976,31643229.9590524,1968.21254599692,220939206.268642
"India",356,"2024","India2024",372072400,118078290.544372,32495785.273167,2131.7012397522,221496192.481221
"India",356,"2025","India2025",374985250,119478941.639592,33192076.7024881,2308.73968358156,222311922.918236
"India",356,"2026","India2026",377627300,121506389.888694,33505058.8989979,2451.02590957009,222613400.186398
"India",356,"2027","India2027",379848500,122922095.404299,33991744.5934534,2587.38042213004,222932072.621826
"India",356,"2028","India2028",381679940,123928446.014414,34650904.6479184,2720.69574526943,223097868.641922
"India",356,"2029","India2029",383219000,124847835.893858,35522887.4199992,2857.22584621993,222845419.460296
"India",356,"2030","India2030",384520370,125392335.266337,36483935.3691239,2989.79824203401,222641109.566297
"Indonesia",360,"2019","Indonesia2019",71651530,5556011.20072602,6724973.27795304,18783440.372988,40587105.148333
"Indonesia",360,"2020","Indonesia2020",72021120,5924953.07026582,6833988.50796225,18608284.96517,40653893.456602
"Indonesia",360,"2021","Indonesia2021",72424730,6240927.16651188,6955104.11648253,18464374.1014613,40764324.6155443
"Indonesia",360,"2022","Indonesia2022",72702450,6541235.44045612,7061119.73088806,18269455.7402271,40830639.0884287
"Indonesia",360,"2023","Indonesia2023",72906820,6855573.74587536,7177964.5616368,18097396.7034054,40775884.9890824
"Indonesia",360,"2024","Indonesia2024",73120540,7156541.42360148,7278048.4130502,17878460.6096585,40807489.5536899
"Indonesia",360,"2025","Indonesia2025",73382350,7466148.00727216,7383150.28920284,17668139.7363939,40864911.9671311
"Indonesia",360,"2026","Indonesia2026",73661870,7760962.57582895,7482533.5493637,17441876.4889044,40976497.3859029
"Indonesia",360,"2027","Indonesia2027",73992870,8081427.48910664,7577998.65100786,17199175.7214456,41134268.1384399
"Indonesia",360,"2028","Indonesia2028",74339280,8413955.28984475,7658076.39665388,16918620.9133654,41348627.400136
"Indonesia",360,"2029","Indonesia2029",74634780,8772472.7727128,7736951.67912906,16635456.6615373,41489898.8866208
"Indonesia",360,"2030","Indonesia2030",74843860,9137670.80125792,7798677.17734293,16317741.9270635,41589770.0943356
"Iraq",368,"2019","Iraq2019",9901630,920770.848925234,1345549.6402702,195172.387245747,7440137.12355882
"Iraq",368,"2020","Iraq2020",10134370,953078.24109486,1389014.23806506,201970.012964604,7590307.50787548
"Iraq",368,"2021","Iraq2021",10400140,982377.170361507,1447655.9972144,210680.875248123,7759425.95717597
"Iraq",368,"2022","Iraq2022",10654310,1007284.94486863,1500912.70877814,218628.779188823,7927483.56716441
"Iraq",368,"2023","Iraq2023",10905190,1031332.23941525,1553483.52562146,226500.561884736,8093873.67307855
"Iraq",368,"2024","Iraq2024",11165170,1056194.57579326,1608417.16281353,234734.435964959,8265823.82542825
"Iraq",368,"2025","Iraq2025",11438600,1078294.24424763,1662384.20454351,242626.758233734,8455294.79297513
"Iraq",368,"2026","Iraq2026",11700150,1097323.80002575,1710467.40981256,250014.712343816,8642344.07781787
"Iraq",368,"2027","Iraq2027",11978890,1123575.92607785,1771852.88419545,259188.701338532,8824272.48838817
"Iraq",368,"2028","Iraq2028",12267410,1144179.5303264,1826439.77418775,267203.218024996,9029587.47746085
"Iraq",368,"2029","Iraq2029",12552600,1168430.03820889,1888961.18686733,276205.554775814,9219003.22014796
"Iraq",368,"2030","Iraq2030",12827840,1183718.60904286,1939030.46349767,283208.193491781,9421882.73396768
"Kenya",404,"2019","Kenya2019",13652240,2379233.34470367,918458.100124133,2740928.66702307,7613619.88814912
"Kenya",404,"2020","Kenya2020",14055240,2532507.16671346,861101.62617222,2862500.08867804,7799131.11843628
"Kenya",404,"2021","Kenya2021",14468670,2695951.74785208,794900.86029325,2989890.01494853,7987927.37690614
"Kenya",404,"2022","Kenya2022",14879150,2861312.25725333,723493.009874479,3116554.84416759,8177789.8887046
"Kenya",404,"2023","Kenya2023",15287990,3034193.23124041,645495.975701306,3247420.77621631,8360880.01684198
"Kenya",404,"2024","Kenya2024",15696660,3213698.85490262,561844.303139287,3381980.18460345,8539136.65735464
"Kenya",404,"2025","Kenya2025",16104120,3356439.59952939,545320.14312567,3476983.11290588,8725377.14443906
"Kenya",404,"2026","Kenya2026",16488840,3510541.86129331,523028.388468203,3585681.27255617,8869588.47768232
"Kenya",404,"2027","Kenya2027",16879130,3660899.58767906,503737.580852556,3684370.43600277,9030122.39546562
"Kenya",404,"2028","Kenya2028",17266170,3812407.17676294,488140.134247981,3778106.92321364,9187515.76577544
"Kenya",404,"2029","Kenya2029",17638360,3960324.29621214,475555.879448766,3862276.30107682,9340203.52326227
"Kenya",404,"2030","Kenya2030",17990530,4109174.8205613,466477.668349366,3941474.59120156,9473402.91988777
"Kyrgyzstan",417,"2019","Kyrgyzstan2019",1620000,260454.363432327,188063.858044714,2043.4487816622,1169438.3297413
"Kyrgyzstan",417,"2020","Kyrgyzstan2020",1635250,261709.817259837,198594.813490125,1918.12591167656,1173027.24333836
"Kyrgyzstan",417,"2021","Kyrgyzstan2021",1654790,263021.264063403,209966.607898238,1782.61300245681,1180019.5150359
"Kyrgyzstan",417,"2022","Kyrgyzstan2022",1671390,263176.787778725,220877.207988372,1632.01847290405,1185703.98576
"Kyrgyzstan",417,"2023","Kyrgyzstan2023",1687810,261796.46665906,230851.894828021,1465.93924787969,1193695.69926504
"Kyrgyzstan",417,"2024","Kyrgyzstan2024",1707830,261000.947451978,241648.883437888,1297.57104067705,1203882.59806946
"Kyrgyzstan",417,"2025","Kyrgyzstan2025",1733070,259738.854331703,252322.66595854,1120.91484388009,1219887.56486588
"Kyrgyzstan",417,"2026","Kyrgyzstan2026",1761790,258812.920143203,263264.829704032,757.998802820668,1238954.25134994
"Kyrgyzstan",417,"2027","Kyrgyzstan2027",1795040,258159.758318283,274991.008955278,513.080256723436,1261376.15246971
"Kyrgyzstan",417,"2028","Kyrgyzstan2028",1831040,256353.929516015,285973.307802201,345.714906985835,1288367.0477748
"Kyrgyzstan",417,"2029","Kyrgyzstan2029",1866360,255687.706272126,298731.072467935,233.957083181742,1311707.26417676
"Kyrgyzstan",417,"2030","Kyrgyzstan2030",1898840,254234.916044079,311112.242576426,157.825109030688,1333335.01627046
"Lao People's Democratic Republic",418,"2019","Lao People's Democratic Republic2019",1923180,168062.219178956,359888.410309055,148257.513321049,1246971.85719094
"Lao People's Democratic Republic",418,"2020","Lao People's Democratic Republic2020",1954090,179862.975858277,369802.060132505,147991.330794163,1256433.63321506
"Lao People's Democratic Republic",418,"2021","Lao People's Democratic Republic2021",1983510,190924.556539429,380566.305280338,147897.871299294,1264121.26688094
"Lao People's Democratic Republic",418,"2022","Lao People's Democratic Republic2022",2013610,201853.753109035,390154.825746456,147043.90114821,1274557.5199963
"Lao People's Democratic Republic",418,"2023","Lao People's Democratic Republic2023",2043790,213281.060935123,399981.167022028,145990.589578512,1284537.18246434
"Lao People's Democratic Republic",418,"2024","Lao People's Democratic Republic2024",2072860,224298.855727212,409614.5171261,143781.863143046,1295164.76400364
"Lao People's Democratic Republic",418,"2025","Lao People's Democratic Republic2025",2100280,234586.027261845,417578.201905369,140727.895417802,1307387.87541498
"Lao People's Democratic Republic",418,"2026","Lao People's Democratic Republic2026",2128020,244821.657286876,427836.527809312,137420.409732768,1317941.40517104
"Lao People's Democratic Republic",418,"2027","Lao People's Democratic Republic2027",2153670,255135.192126949,436887.495036859,133737.375013223,1327909.93782297
"Lao People's Democratic Republic",418,"2028","Lao People's Democratic Republic2028",2177690,266392.948297159,446141.52682187,130150.262502694,1335005.26237828
"Lao People's Democratic Republic",418,"2029","Lao People's Democratic Republic2029",2200840,277209.026818756,453201.323630423,125989.051192964,1344440.59835786
"Lao People's Democratic Republic",418,"2030","Lao People's Democratic Republic2030",2223420,288266.936652936,459200.690754226,121644.928543006,1354307.44404983
"Lesotho",426,"2019","Lesotho2019",556410,25089.5418823204,156266.57136618,100296.498940694,274757.387810805
"Lesotho",426,"2020","Lesotho2020",561830,25615.9519987627,158579.518663785,102454.205997742,275180.32333971
"Lesotho",426,"2021","Lesotho2021",565770,26455.1813201849,160475.766713859,104527.831770249,274311.220195707
"Lesotho",426,"2022","Lesotho2022",569720,27264.5635286933,162209.090245934,106524.199311426,273722.146913947
"Lesotho",426,"2023","Lesotho2023",573700,29429.5649155671,162557.711571234,107483.021510482,274229.702002716
"Lesotho",426,"2024","Lesotho2024",577760,31664.6308180299,163161.1599954,108653.598184424,274280.611002146
"Lesotho",426,"2025","Lesotho2025",581900,33995.5620916674,163776.380526147,109778.266516387,274349.790865799
"Lesotho",426,"2026","Lesotho2026",586700,36009.359343845,164924.111758262,111079.344866353,274687.18403154
"Lesotho",426,"2027","Lesotho2027",591630,38199.7067290938,165884.413162675,112204.222660868,275341.657447363
"Lesotho",426,"2028","Lesotho2028",596620,40545.6301354182,166593.251386807,113103.263395556,276377.855082219
"Lesotho",426,"2029","Lesotho2029",601720,43073.1463045057,167184.285490469,113861.109080591,277601.459124435
"Lesotho",426,"2030","Lesotho2030",606930,45758.8092774653,167583.214019538,114421.722168522,279166.254534475
"Liberia",430,"2019","Liberia2019",1189160,63409.7438411803,58566.5599702704,197956.960777513,869226.735411036
"Liberia",430,"2020","Liberia2020",1224130,73579.5252316041,54021.6305513548,207129.239223107,889399.604993934
"Liberia",430,"2021","Liberia2021",1259190,84869.2693037345,49210.8898632898,217448.351165209,907661.489667766
"Liberia",430,"2022","Liberia2022",1295010,95890.6131741365,47108.30656252,225413.0487454,926598.031517943
"Liberia",430,"2023","Liberia2023",1331430,107583.246018035,44661.6851326335,233414.953128587,945770.115720745
"Liberia",430,"2024","Liberia2024",1368250,120029.225226217,41863.5687574439,241519.206242713,964837.999773627
"Liberia",430,"2025","Liberia2025",1405320,133450.831900639,38639.4398917316,249247.620049297,983982.108158333
"Liberia",430,"2026","Liberia2026",1441710,145466.65354941,37412.6195494091,255215.361385286,1003615.36551589
"Liberia",430,"2027","Liberia2027",1478670,158358.508783978,36652.040471975,260973.050224099,1022686.40051995
"Liberia",430,"2028","Liberia2028",1515930,172357.933612109,36350.5174979093,266793.035489453,1040428.51340053
"Liberia",430,"2029","Liberia2029",1553250,187065.928152091,36371.9049645513,271960.394375353,1057851.772508
"Liberia",430,"2030","Liberia2030",1590550,202686.656494775,36721.7898799501,276747.312175416,1074394.24144986
"Madagascar",450,"2019","Madagascar2019",6647880,370334.895613049,557304.058022541,1341792.62826841,4378448.41809599
"Madagascar",450,"2020","Madagascar2020",6847860,423750.451573449,546970.079208008,1433840.04364474,4443299.4255738
"Madagascar",450,"2021","Madagascar2021",7046530,481380.823125395,532900.297380492,1530778.12832181,4501470.75117231
"Madagascar",450,"2022","Madagascar2022",7250190,542310.407785484,513367.451184358,1628010.94808443,4566501.19294572
"Madagascar",450,"2023","Madagascar2023",7457170,607713.475182761,489504.719303827,1729127.63950021,4630824.1660132
"Madagascar",450,"2024","Madagascar2024",7665310,677136.672140671,461753.762418962,1832882.51356628,4693537.05187409
"Madagascar",450,"2025","Madagascar2025",7873650,748491.64257298,427804.229585296,1933065.01521662,4764289.11262511
"Madagascar",450,"2026","Madagascar2026",8083620,819830.811005508,378501.497381078,2044934.11412266,4840353.57749076
"Madagascar",450,"2027","Madagascar2027",8294390,898512.50584654,334702.769181095,2156977.40602978,4904197.31894259
"Madagascar",450,"2028","Madagascar2028",8507040,980528.405489081,294683.328024712,2259451.33085208,4972376.93563412
"Madagascar",450,"2029","Madagascar2029",8723760,1063719.60027932,258113.148496907,2348160.60286158,5053766.64836219
"Madagascar",450,"2030","Madagascar2030",8945780,1151303.68303288,225875.34881425,2431027.73456417,5137573.2335887
"Malawi",454,"2019","Malawi2019",4548350,894528.118414082,180179.250465739,1071948.00865261,2401694.62246757
"Malawi",454,"2020","Malawi2020",4707380,957842.76586987,157169.27896577,1125420.90006139,2466947.05510297
"Malawi",454,"2021","Malawi2021",4873530,1024055.41963045,131598.734888684,1181378.95630328,2536496.88917759
"Malawi",454,"2022","Malawi2022",5046060,1082281.24463154,129832.296025416,1225132.52898502,2608813.93035803
"Malawi",454,"2023","Malawi2023",5223440,1142767.14797144,128004.724014184,1269659.3751725,2683008.75284187
"Malawi",454,"2024","Malawi2024",5402970,1204575.38135138,125648.845360572,1314173.04432477,2758572.72896327
"Malawi",454,"2025","Malawi2025",5582640,1267369.3384894,123101.136282507,1357981.8933922,2834187.63183589
"Malawi",454,"2026","Malawi2026",5756090,1329247.89372317,115737.519352241,1406596.64799362,2904507.93893097
"Malawi",454,"2027","Malawi2027",5932010,1392925.62322701,110026.350431043,1450286.2510503,2978771.77529165
"Malawi",454,"2028","Malawi2028",6108780,1460688.8955927,106165.713776649,1493227.84250013,3048697.54813052
"Malawi",454,"2029","Malawi2029",6284950,1528621.89749992,103787.689799627,1532292.4044637,3120248.00823676
"Malawi",454,"2030","Malawi2030",6460180,1598630.97074453,102938.627197914,1569897.16207443,3188713.23998313
"Mali",466,"2019","Mali2019",4385360,258994.482854438,146757.926295409,282752.84314828,3696854.74770187
"Mali",466,"2020","Mali2020",4541060,293642.789770622,143419.476878294,301078.457929238,3802919.27542184
"Mali",466,"2021","Mali2021",4698210,331745.691289078,139382.146362717,321046.064334908,3906036.0980133
"Mali",466,"2022","Mali2022",4863600,371655.938458369,133403.516286737,340455.210723641,4018085.33453125
"Mali",466,"2023","Mali2023",5036350,414857.150004729,125992.341428903,360478.250828362,4135022.257738
"Mali",466,"2024","Mali2024",5214750,461607.141161547,117181.245870698,381471.266975663,4254490.34599209
"Mali",466,"2025","Mali2025",5397710,513622.502727554,107172.356892511,404653.083713203,4372262.05666673
"Mali",466,"2026","Mali2026",5579730,576378.412259292,77961.1165433322,434550.032935628,4490840.43826175
"Mali",466,"2027","Mali2027",5767000,638433.872961107,57321.3370911783,460500.991560104,4610743.79838761
"Mali",466,"2028","Mali2028",5959240,698394.036319376,43073.7816331466,481846.385562216,4735925.79648526
"Mali",466,"2029","Mali2029",6156490,761420.658294713,33781.3962153824,502405.52497451,4858882.42051539
"Mali",466,"2030","Mali2030",6358710,825311.468422172,27873.4120276334,520728.6875616,4984796.4319886
"Mauritania",478,"2019","Mauritania2019",1106210,14309.3432577227,66007.4608388386,24398.5694808458,1001494.62642259
"Mauritania",478,"2020","Mauritania2020",1137870,18201.3648412023,67257.6589477186,26101.347085856,1026309.62912522
"Mauritania",478,"2021","Mauritania2021",1169810,22517.2158625731,68910.8237071999,27985.4531607994,1050396.50726943
"Mauritania",478,"2022","Mauritania2022",1202160,27035.3531822458,70109.1544957314,29660.9140520124,1075354.57827001
"Mauritania",478,"2023","Mauritania2023",1235090,32222.4551551849,71670.5305351904,31644.5614490804,1099552.45286054
"Mauritania",478,"2024","Mauritania2024",1268870,37609.8652720259,72359.920969834,33413.5255721478,1125486.68818599
"Mauritania",478,"2025","Mauritania2025",1303590,43450.1612523134,72856.4233597561,35263.3030006354,1152020.1123873
"Mauritania",478,"2026","Mauritania2026",1338250,49345.0776811515,73179.3453841686,37374.3374394312,1178351.23949525
"Mauritania",478,"2027","Mauritania2027",1373940,56068.3691696019,73352.3409023634,39527.2950705986,1204991.99485744
"Mauritania",478,"2028","Mauritania2028",1410390,63718.5323232081,73407.3269750802,41733.7043441458,1231530.43635757
"Mauritania",478,"2029","Mauritania2029",1447270,71919.7933958994,72873.3990999357,43706.4044126225,1258770.40309154
"Mauritania",478,"2030","Mauritania2030",1484350,81067.1234969442,72186.0260371479,45668.7946000344,1285428.05586587
"Mongolia",496,"2019","Mongolia2019",850990,192872.407401645,123870.414496964,22427.8115472015,511819.366554189
"Mongolia",496,"2020","Mongolia2020",853780,197920.71072388,123190.062813152,21706.990634083,510962.235828885
"Mongolia",496,"2021","Mongolia2021",858540,203324.560275002,122642.031234859,20994.5723735491,511578.836116591
"Mongolia",496,"2022","Mongolia2022",863410,208582.655740382,121921.495355772,20235.3117883291,512670.537115517
"Mongolia",496,"2023","Mongolia2023",869050,213497.87754418,120911.393746959,19416.5380095324,515224.190699328
"Mongolia",496,"2024","Mongolia2024",876090,219681.028699856,120528.341883412,18680.2503973588,517200.379019373
"Mongolia",496,"2025","Mongolia2025",884800,225582.515840164,119855.767431343,17887.072488223,521474.644240269
"Mongolia",496,"2026","Mongolia2026",895590,233101.873097343,118754.831104916,17042.4619346714,526690.833863069
"Mongolia",496,"2027","Mongolia2027",907410,239845.281211073,117720.981873288,16167.9567430233,533675.780172616
"Mongolia",496,"2028","Mongolia2028",920120,247171.690522606,117397.194341614,15361.8635695307,540189.251566249
"Mongolia",496,"2029","Mongolia2029",933270,254317.803177435,117365.17774798,14572.2330351313,547014.786039453
"Mongolia",496,"2030","Mongolia2030",946330,260389.496458957,117193.374792911,13754.9497531726,554992.17899496
"Mozambique",508,"2019","Mozambique2019",7308650,213700.981872509,791234.909227089,711708.127690911,5592005.98120949
"Mozambique",508,"2020","Mozambique2020",7558890,250702.091209427,817464.646021032,766772.383663608,5723950.87910593
"Mozambique",508,"2021","Mozambique2021",7809450,293314.897185994,837561.428958291,833891.110314152,5844682.56354156
"Mozambique",508,"2022","Mozambique2022",8066720,339383.072768521,853479.068518733,902896.071006621,5970961.78770613
"Mozambique",508,"2023","Mozambique2023",8330360,390890.203252961,865375.121576781,974712.533276949,6099382.14189331
"Mozambique",508,"2024","Mozambique2024",8600640,446311.801983677,873417.479670133,1048703.37869189,6232207.3396543
"Mozambique",508,"2025","Mozambique2025",8877610,507690.485606322,880561.575073737,1129646.72298719,6359711.21633275
"Mozambique",508,"2026","Mozambique2026",9154880,569912.391738276,880197.899889422,1215766.05225263,6489003.65611967
"Mozambique",508,"2027","Mozambique2027",9439850,640233.697614627,879808.587411092,1307443.79709227,6612363.91788201
"Mozambique",508,"2028","Mozambique2028",9731490,716731.854145034,875861.448084931,1399305.09167431,6739591.60609573
"Mozambique",508,"2029","Mozambique2029",10028730,797286.956386014,866063.126300959,1486430.89381706,6878949.02349597
"Mozambique",508,"2030","Mozambique2030",10331070,887899.995717405,857133.577424985,1579200.11082956,7006836.31602805
"Myanmar",104,"2019","Myanmar2019",15014160,912086.451083318,1315270.04001913,2446747.20349282,10340056.3054047
"Myanmar",104,"2020","Myanmar2020",15082210,978019.897617001,1329656.69749492,2440457.739732,10334075.6651561
"Myanmar",104,"2021","Myanmar2021",15162560,1038159.01570005,1349409.09947167,2448794.43119313,10326197.4536351
"Myanmar",104,"2022","Myanmar2022",15246340,1094553.75889139,1377901.48789751,2444177.31076982,10329707.4424413
"Myanmar",104,"2023","Myanmar2023",15326790,1155199.8456837,1409356.48880933,2442641.3451239,10319592.3203831
"Myanmar",104,"2024","Myanmar2024",15395970,1213777.89075558,1437040.7669368,2432821.18255255,10312330.1597551
"Myanmar",104,"2025","Myanmar2025",15449920,1270080.83010609,1464858.26455035,2418144.85949468,10296836.0458489
"Myanmar",104,"2026","Myanmar2026",15503070,1323516.02548358,1498800.2034961,2410425.44957076,10270328.3214496
"Myanmar",104,"2027","Myanmar2027",15541830,1380465.51259376,1530967.32654163,2398678.77189518,10231718.3889694
"Myanmar",104,"2028","Myanmar2028",15569590,1436468.08781032,1556143.35929094,2375226.82233636,10201751.7305624
"Myanmar",104,"2029","Myanmar2029",15592830,1494871.66053992,1577880.99635756,2346239.27708021,10173838.0660223
"Myanmar",104,"2030","Myanmar2030",15615280,1560925.68400612,1601373.12851386,2319671.89499643,10133309.2924836
"Nepal",524,"2019","Nepal2019",8839760,1908069.65257147,653044.943315694,622455.301698383,5656190.10241445
"Nepal",524,"2020","Nepal2020",9029310,1996240.01074685,690221.368267688,624746.820585397,5718101.80040007
"Nepal",524,"2021","Nepal2021",9183350,2084020.34521948,728265.996107839,625275.048307279,5745788.6103654
"Nepal",524,"2022","Nepal2022",9316050,2161065.45900213,763066.60891081,620658.973343477,5771258.95874358
"Nepal",524,"2023","Nepal2023",9430950,2228051.52946166,794620.163814619,611428.139559073,5796850.16716465
"Nepal",524,"2024","Nepal2024",9534500,2302591.35752431,829219.647947527,602666.956128538,5800022.03839962
"Nepal",524,"2025","Nepal2025",9630740,2378252.52791058,864705.747670224,592594.503273388,5795187.22114581
"Nepal",524,"2026","Nepal2026",9712810,2450803.50314739,890958.786352269,577256.406477076,5793791.30402327
"Nepal",524,"2027","Nepal2027",9791360,2523264.70638897,921624.128572795,561706.743145671,5784764.42189256
"Nepal",524,"2028","Nepal2028",9862510,2587363.36495698,953725.063067641,544271.048998222,5777150.52297716
"Nepal",524,"2029","Nepal2029",9920860,2636519.15532518,984759.184728153,523989.561301628,5775592.09864504
"Nepal",524,"2030","Nepal2030",9964070,2684462.38507293,1019705.69877617,503969.557211436,5755932.35893946
"Nicaragua",558,"2019","Nicaragua2019",1786200,399574.24338065,191707.974208975,282568.550817569,912349.231592806
"Nicaragua",558,"2020","Nicaragua2020",1804110,403234.35370241,195741.732793732,286913.097596784,918220.815907073
"Nicaragua",558,"2021","Nicaragua2021",1822960,407708.196448055,200078.232744804,291338.288222391,923835.282584751
"Nicaragua",558,"2022","Nicaragua2022",1840740,411792.111408244,204289.598201056,295517.637271229,929140.653119471
"Nicaragua",558,"2023","Nicaragua2023",1857570,415630.113640907,208455.419240555,299594.358999031,933890.108119508
"Nicaragua",558,"2024","Nicaragua2024",1873550,418319.679973563,212124.603560398,302946.221955761,940159.494510279
"Nicaragua",558,"2025","Nicaragua2025",1888730,421173.576396684,216024.916717383,306472.253606893,945059.25327904
"Nicaragua",558,"2026","Nicaragua2026",1905290,422156.088093006,220517.729471356,311654.620107087,950961.562328552
"Nicaragua",558,"2027","Nicaragua2027",1921100,424537.010473572,224457.903786231,315636.993453535,956468.092286662
"Nicaragua",558,"2028","Nicaragua2028",1935840,428009.888363706,228315.147907657,319074.925711121,960440.038017517
"Nicaragua",558,"2029","Nicaragua2029",1949080,431931.721660935,232105.793309961,321983.729985827,963058.755043277
"Nicaragua",558,"2030","Nicaragua2030",1960390,435083.224154885,235366.956353187,323722.34158279,966217.477909138
"Niger",562,"2019","Niger2019",4892360,171747.111424867,301639.67954562,310278.453101905,4108694.75592761
"Niger",562,"2020","Niger2020",5097280,207775.534598906,307359.193207296,331503.109536146,4250642.16265765
"Niger",562,"2021","Niger2021",5308170,246280.819584258,309778.988144462,352595.637739057,4399514.55453222
"Niger",562,"2022","Niger2022",5529870,288642.240215793,311058.169612805,374746.726736163,4555422.86343524
"Niger",562,"2023","Niger2023",5762490,334864.223363952,310766.571275867,397756.796842033,4719102.40851815
"Niger",562,"2024","Niger2024",6006310,386981.645372154,308407.531866685,420986.233048757,4889934.5897124
"Niger",562,"2025","Niger2025",6261390,441817.707476599,303070.136243838,443293.823144812,5073208.33313475
"Niger",562,"2026","Niger2026",6521740,505380.862935661,295509.253595059,474801.816185595,5246048.06728369
"Niger",562,"2027","Niger2027",6794650,574733.215046739,287024.664994024,505570.643675603,5427321.47628364
"Niger",562,"2028","Niger2028",7079370,649004.348481364,277447.806470894,534519.57604403,5618398.26900371
"Niger",562,"2029","Niger2029",7374830,725530.255254339,266192.557401311,559437.878628662,5823669.30871569
"Niger",562,"2030","Niger2030",7680500,806497.211062004,254703.801288115,582184.561190713,6037114.42645917
"Nigeria",566,"2019","Nigeria2019",46216840,1277239.01202626,3208968.9593902,1322531.79962048,40408100.2289631
"Nigeria",566,"2020","Nigeria2020",47558500,1500571.59537397,3282641.49083139,1423457.84386134,41351829.0699333
"Nigeria",566,"2021","Nigeria2021",48906910,1768956.58458092,3308368.18181724,1551188.82150839,42278396.4120934
"Nigeria",566,"2022","Nigeria2022",50291740,2059068.9381126,3308959.9588664,1682024.78963383,43241686.3133872
"Nigeria",566,"2023","Nigeria2023",51718860,2384284.20944952,3310357.87236911,1825591.75356872,44198626.1646126
"Nigeria",566,"2024","Nigeria2024",53196620,2740076.59703057,3299502.0184265,1976743.32773831,45180298.0568046
"Nigeria",566,"2025","Nigeria2025",54725810,3128863.76286838,3267274.67652107,2136860.32301481,46192811.2375957
"Nigeria",566,"2026","Nigeria2026",56249470,3501464.93438913,3303482.20177591,2286996.30134902,47157526.5624859
"Nigeria",566,"2027","Nigeria2027",57828340,3888500.57131996,3321406.86649061,2426442.53537347,48191990.026816
"Nigeria",566,"2028","Nigeria2028",59456150,4310046.94241753,3339625.89921235,2567120.66438131,49239356.4939888
"Nigeria",566,"2029","Nigeria2029",61121080,4772328.77218743,3360833.59522837,2710982.22139088,50276935.4111933
"Nigeria",566,"2030","Nigeria2030",62814380,5270538.14701771,3379617.6595291,2853539.59815643,51310684.5952968
"Pakistan",586,"2019","Pakistan2019",54257500,4366868.07474321,4634853.40786628,986160.324374912,44269618.1930156
"Pakistan",586,"2020","Pakistan2020",55395510,4674944.12323562,4959710.49203117,966831.288888726,44794024.0958445
"Pakistan",586,"2021","Pakistan2021",56512370,4954298.33780258,5269509.60407032,935103.841493171,45353458.2166339
"Pakistan",586,"2022","Pakistan2022",57668100,5264023.25425829,5610327.20917781,899498.332892464,45894251.2036714
"Pakistan",586,"2023","Pakistan2023",58846410,5568696.99440761,5948536.64714416,853826.764712169,46475349.5937361
"Pakistan",586,"2024","Pakistan2024",60022640,5882927.22381914,6296973.73382513,800151.506601795,47042587.5357539
"Pakistan",586,"2025","Pakistan2025",61185030,6175704.3554375,6621202.29875344,734311.8479342,47653811.4978749
"Pakistan",586,"2026","Pakistan2026",62381790,6530935.90390006,6994033.81158466,616332.708500028,48240487.5760152
"Pakistan",586,"2027","Pakistan2027",63549430,6820568.14678389,7340031.59904757,510523.619299734,48878306.6348688
"Pakistan",586,"2028","Pakistan2028",64704060,7118417.19697389,7723008.26392301,422294.511362265,49440340.0277408
"Pakistan",586,"2029","Pakistan2029",65870290,7380058.5755473,8084350.8182511,346720.031579291,50059160.5746223
"Pakistan",586,"2030","Pakistan2030",67056130,7672478.88542374,8489976.18226399,285206.353014649,50608468.5792976
"Papua New Guinea",598,"2019","Papua New Guinea2019",2212720,162813.375903384,151759.555619685,161598.286449021,1736548.78202791
"Papua New Guinea",598,"2020","Papua New Guinea2020",2261590,172382.882037829,155651.179252938,165783.934010599,1767772.00469863
"Papua New Guinea",598,"2021","Papua New Guinea2021",2309730,182127.5068463,159236.576488208,169767.169108089,1798598.7475574
"Papua New Guinea",598,"2022","Papua New Guinea2022",2358320,191397.35661828,162420.241789229,173072.146463077,1831430.25512941
"Papua New Guinea",598,"2023","Papua New Guinea2023",2406970,201377.911673185,165735.23242649,176686.388963889,1863170.46693644
"Papua New Guinea",598,"2024","Papua New Guinea2024",2455170,211783.914409531,169176.267942332,180393.140883196,1893816.67676494
"Papua New Guinea",598,"2025","Papua New Guinea2025",2502570,222571.225942849,172434.251562745,184075.232785748,1923489.28970866
"Papua New Guinea",598,"2026","Papua New Guinea2026",2549260,234078.944362056,176144.604579639,188455.597950225,1950580.85310808
"Papua New Guinea",598,"2027","Papua New Guinea2027",2595390,245217.521975084,179237.79227452,192075.432314559,1978859.25343584
"Papua New Guinea",598,"2028","Papua New Guinea2028",2641030,255515.71345725,181414.876553474,194602.559330483,2009496.85065879
"Papua New Guinea",598,"2029","Papua New Guinea2029",2686300,267586.769574558,184539.71878073,198027.789473289,2036145.72217142
"Papua New Guinea",598,"2030","Papua New Guinea2030",2731310,279535.178281022,187244.960652082,200877.241537168,2063652.61952973
"Philippines",608,"2019","Philippines2019",28058790,2377880.26021762,4100418.70997219,811442.789558972,20769048.2402512
"Philippines",608,"2020","Philippines2020",28460750,2524305.91694486,4231623.93903829,779532.965120587,20925287.1788963
"Philippines",608,"2021","Philippines2021",28916960,2686042.60277814,4367259.39699905,743691.875661231,21119966.1245616
"Philippines",608,"2022","Philippines2022",29328380,2846251.02327601,4490851.23279624,702168.795780803,21289108.948147
"Philippines",608,"2023","Philippines2023",29716650,3007054.16890519,4606705.66280918,656081.011731161,21446809.1565545
"Philippines",608,"2024","Philippines2024",30112940,3176984.75316636,4729449.79796791,607654.572951066,21598850.8759147
"Philippines",608,"2025","Philippines2025",30528340,3358478.54704098,4859163.14141648,556474.799987092,21754223.5115554
"Philippines",608,"2026","Philippines2026",30909060,3534976.58135807,4985571.00490329,472368.138848402,21916144.2748902
"Philippines",608,"2027","Philippines2027",31323180,3719235.99048837,5111294.2850868,400401.038434267,22092248.6859906
"Philippines",608,"2028","Philippines2028",31744080,3899521.67017288,5219599.18408673,337871.322801018,22287087.8229394
"Philippines",608,"2029","Philippines2029",32130500,4083537.7625562,5320789.1571905,284460.296470123,22441712.7837832
"Philippines",608,"2030","Philippines2030",32462650,4273979.28774272,5417760.695299,239114.079426783,22531795.9375315
"Rwanda",646,"2019","Rwanda2019",3204030,235894.194712284,218751.774718405,493935.284822213,2255448.7457471
"Rwanda",646,"2020","Rwanda2020",3300350,258735.302169309,211722.18431391,519466.053457738,2310426.46005904
"Rwanda",646,"2021","Rwanda2021",3392670,282155.378062044,204185.654461302,545507.714988397,2360821.25248826
"Rwanda",646,"2022","Rwanda2022",3490180,305237.649953487,196233.479080959,569550.158806166,2419158.71215939
"Rwanda",646,"2023","Rwanda2023",3590420,330489.492029704,187981.693827015,596192.482486528,2475756.33165675
"Rwanda",646,"2024","Rwanda2024",3689750,356555.575701717,178513.04547457,622866.518365484,2531814.86045823
"Rwanda",646,"2025","Rwanda2025",3786530,384582.253257971,168366.07299429,651541.964547629,2582039.70920011
"Rwanda",646,"2026","Rwanda2026",3886730,416263.589300089,145832.592608858,688588.390399962,2636045.42769109
"Rwanda",646,"2027","Rwanda2027",3982740,447386.644067498,128727.612555313,720912.239698199,2685713.50367899
"Rwanda",646,"2028","Rwanda2028",4075860,477821.983564376,115817.698200925,748640.411370573,2733579.90686413
"Rwanda",646,"2029","Rwanda2029",4168490,508628.06679135,106318.039774477,773737.020037484,2779806.87339669
"Rwanda",646,"2030","Rwanda2030",4261580,539321.188359426,99247.1795964822,795687.54402185,2827324.08802224
"Sao Tome and Principe",678,"2019","Sao Tome and Principe2019",50380,2094.93030512779,10078.0664406058,5536.82636985344,32670.176884413
"Sao Tome and Principe",678,"2020","Sao Tome and Principe2020",51580,2296.78154277837,10231.1553134296,5853.5972280491,33198.465915743
"Sao Tome and Principe",678,"2021","Sao Tome and Principe2021",52940,2556.69556514006,10373.6956436823,6168.43864401715,33841.1701471605
"Sao Tome and Principe",678,"2022","Sao Tome and Principe2022",54410,2849.20510976353,10572.4309691004,6534.09236251022,34454.2715586258
"Sao Tome and Principe",678,"2023","Sao Tome and Principe2023",55930,3144.74462073669,10706.7172038241,6882.70462947213,35195.8335459671
"Sao Tome and Principe",678,"2024","Sao Tome and Principe2024",57430,3456.5235593829,10830.3185968287,7241.96898263354,35901.1888611549
"Sao Tome and Principe",678,"2025","Sao Tome and Principe2025",58880,3782.17193077056,10934.0554638426,7606.9575218773,36556.8150835095
"Sao Tome and Principe",678,"2026","Sao Tome and Principe2026",60400,4124.37629429637,11034.187994179,8027.06150571701,37214.3742058076
"Sao Tome and Principe",678,"2027","Sao Tome and Principe2027",61870,4482.49066920038,11112.1816479735,8437.04802786558,37838.2796549606
"Sao Tome and Principe",678,"2028","Sao Tome and Principe2028",63300,4861.31541059208,11180.5034018584,8844.01944224903,38414.1617453005
"Sao Tome and Principe",678,"2029","Sao Tome and Principe2029",64750,5267.89122417161,11253.1902721228,9257.99930035998,38970.9192033456
"Sao Tome and Principe",678,"2030","Sao Tome and Principe2030",66220,5679.61346872161,11281.497727717,9637.20375467953,39621.6850488819
"Senegal",686,"2019","Senegal2019",4001610,342446.225181195,180946.767429671,265625.75263094,3212591.25475819
"Senegal",686,"2020","Senegal2020",4117620,386255.110850798,165047.452154843,283124.481705982,3283192.95528838
"Senegal",686,"2021","Senegal2021",4239920,429190.352046323,155093.693638613,298270.831707936,3357365.12260713
"Senegal",686,"2022","Senegal2022",4363890,471123.436950453,145789.508826981,311376.886937492,3435600.16728507
"Senegal",686,"2023","Senegal2023",4490840,515199.104800986,135692.358379002,324710.992846424,3515237.54397359
"Senegal",686,"2024","Senegal2024",4622290,562640.595632228,124569.095003242,338991.69062741,3596088.61873712
"Senegal",686,"2025","Senegal2025",4758570,613433.946468046,112308.720879522,354076.22430804,3678751.10834439
"Senegal",686,"2026","Senegal2026",4896950,669002.697208621,91765.9677404124,372413.570614588,3763767.76443638
"Senegal",686,"2027","Senegal2027",5040290,722880.878390678,80718.8643123386,387755.874739029,3848934.38255795
"Senegal",686,"2028","Senegal2028",5186880,775299.171830691,75340.7160527512,400417.822548282,3935822.28956828
"Senegal",686,"2029","Senegal2029",5333870,824828.324440764,73114.552216768,409872.791770499,4026054.33157197
"Senegal",686,"2030","Senegal2030",5479620,877241.401569031,73100.1939909544,419144.084389374,4110134.32005064
"Sierra Leone",694,"2019","Sierra Leone2019",1914440,130149.985219556,127206.956623568,223300.004273978,1433783.0538829
"Sierra Leone",694,"2020","Sierra Leone2020",1966600,145940.383354697,125867.180612706,233123.775103042,1461668.66092956
"Sierra Leone",694,"2021","Sierra Leone2021",2017650,162519.940058672,124276.822452125,243108.349481001,1487744.8880082
"Sierra Leone",694,"2022","Sierra Leone2022",2070980,180513.068692296,122156.051862136,253643.929974982,1514666.94947059
"Sierra Leone",694,"2023","Sierra Leone2023",2125910,199387.476919388,119055.997479622,263905.45173236,1543561.07386863
"Sierra Leone",694,"2024","Sierra Leone2024",2181340,220362.853437012,115637.492162281,275447.644335496,1569892.01006521
"Sierra Leone",694,"2025","Sierra Leone2025",2236640,242068.565152271,111061.827486058,286440.780730809,1597068.82663086
"Sierra Leone",694,"2026","Sierra Leone2026",2290910,267213.577556117,102635.581321814,300413.523966889,1620647.31715518
"Sierra Leone",694,"2027","Sierra Leone2027",2345100,291776.822124708,94293.2106692965,311653.226975557,1647376.74023044
"Sierra Leone",694,"2028","Sierra Leone2028",2399310,317665.89792749,86833.0578967049,322364.29193833,1672446.75223748
"Sierra Leone",694,"2029","Sierra Leone2029",2453760,345577.444801418,80341.1759480453,333175.504927877,1694665.87432266
"Sierra Leone",694,"2030","Sierra Leone2030",2508560,374301.025348777,74432.3402149268,342843.638153656,1716982.99628264
"Solomon Islands",90,"2019","Solomon Islands2019",160890,16596.4931571831,4911.90940449996,9781.74032713893,129599.857111178
"Solomon Islands",90,"2020","Solomon Islands2020",164470,17428.6168965171,5022.74883944916,10041.800823699,131976.833440335
"Solomon Islands",90,"2021","Solomon Islands2021",168100,18272.4195548696,5139.59417616785,10298.1312960714,134389.854972891
"Solomon Islands",90,"2022","Solomon Islands2022",171570,19123.1327809443,5239.69530867478,10541.6171550079,136665.554755373
"Solomon Islands",90,"2023","Solomon Islands2023",175000,19881.1708372933,5333.78010683837,10731.4405847267,139053.608471142
"Solomon Islands",90,"2024","Solomon Islands2024",178540,20754.8899977338,5427.62406945475,10964.617587926,141392.868344885
"Solomon Islands",90,"2025","Solomon Islands2025",182270,21709.1598898951,5527.38500039441,11225.2642965574,143808.190813153
"Solomon Islands",90,"2026","Solomon Islands2026",186340,22680.5434787785,5668.76955200289,11486.0628730785,146504.62409614
"Solomon Islands",90,"2027","Solomon Islands2027",190500,23767.4037770575,5842.18773147446,11787.4714952999,149102.936996168
"Solomon Islands",90,"2028","Solomon Islands2028",194830,24753.1913417152,5994.54316586773,12021.2027834536,152061.062708963
"Solomon Islands",90,"2029","Solomon Islands2029",199330,25759.2641046108,6156.49723105763,12248.5380320633,155165.700632268
"Solomon Islands",90,"2030","Solomon Islands2030",203990,26912.3833441309,6358.32020243656,12528.3230186035,158190.973434829
"Somalia",706,"2019","Somalia2019",3457640,9998.32806484796,66539.5020466869,17777.8419182792,3363324.32797019
"Somalia",706,"2020","Somalia2020",3574770,12142.5297743057,70792.0578707597,19873.365868633,3471962.0464863
"Somalia",706,"2021","Somalia2021",3692980,14790.341543851,74852.0876956673,22333.059103586,3581004.5116569
"Somalia",706,"2022","Somalia2022",3818500,17649.2458075615,79032.749605886,24921.0373187229,3696896.96726783
"Somalia",706,"2023","Somalia2023",3950060,20734.415397857,83258.9364171677,27638.7468738916,3818427.90131108
"Somalia",706,"2024","Somalia2024",4085600,24170.7471635149,87696.3049175722,30601.6920998519,3943131.25581906
"Somalia",706,"2025","Somalia2025",4224140,28071.4117744206,92443.6957984694,33914.584535029,4069710.30789208
"Somalia",706,"2026","Somalia2026",4362240,32248.9254709193,98208.1138290164,37868.5483117067,4193914.41238836
"Somalia",706,"2027","Somalia2027",4504240,37055.4942958919,103930.324284966,42118.1493883183,4321136.03203082
"Somalia",706,"2028","Somalia2028",4650600,42307.5878206131,108860.308054949,46362.1063485351,4453069.9977759
"Somalia",706,"2029","Somalia2029",4802690,48734.2372801126,114611.081047306,51292.5931024919,4588052.08857009
"Somalia",706,"2030","Somalia2030",4961230,55864.7193998796,119655.988630738,56267.9883613345,4729441.30360805
"South Sudan",728,"2019","South Sudan2019",2650070,21503.6881204535,145548.126326013,54408.4819821572,2428609.70357138
"South Sudan",728,"2020","South Sudan2020",2691900,26024.8169497319,148391.049675511,58428.391575806,2459055.74179895
"South Sudan",728,"2021","South Sudan2021",2747560,31076.1701327107,154073.434682563,63626.6943722287,2498783.7008125
"South Sudan",728,"2022","South Sudan2022",2817020,36441.5643764234,158786.195385458,68803.6741971685,2552988.56604095
"South Sudan",728,"2023","South Sudan2023",2896050,42257.6620553415,162914.22261792,74152.1023209449,2616726.01300579
"South Sudan",728,"2024","South Sudan2024",2978920,49235.8677879748,168781.052885197,80758.3072622798,2680144.77206455
"South Sudan",728,"2025","South Sudan2025",3061720,56759.9329848917,173844.919913171,87543.6604804855,2743571.48662145
"South Sudan",728,"2026","South Sudan2026",3140700,65101.0433585064,177387.517738834,95945.1428912736,2802266.29601139
"South Sudan",728,"2027","South Sudan2027",3220960,73854.6035231379,180742.710281737,103864.356786459,2862498.32940867
"South Sudan",728,"2028","South Sudan2028",3302560,83652.7231941169,185153.187996764,112110.168061853,2921643.92074727
"South Sudan",728,"2029","South Sudan2029",3385890,94521.2088661185,190143.66653249,120562.793659038,2980662.33094235
"South Sudan",728,"2030","South Sudan2030",3471340,106792.345126832,195905.299686232,129481.630377283,3039160.72480965
"Sri Lanka",144,"2019","Sri Lanka2019",5326830,1193041.30257546,524247.595253752,271323.728329042,3338217.37384175
"Sri Lanka",144,"2020","Sri Lanka2020",5324160,1203752.25414104,530294.350595121,258171.207226604,3331942.18803724
"Sri Lanka",144,"2021","Sri Lanka2021",5326110,1217979.41755678,540685.941941447,247018.986681783,3320425.65381999
"Sri Lanka",144,"2022","Sri Lanka2022",5330400,1227716.37193562,548904.677579677,234693.462326907,3319085.4881578
"Sri Lanka",144,"2023","Sri Lanka2023",5333780,1238702.83370171,557549.089487838,222426.349242303,3315101.72756815
"Sri Lanka",144,"2024","Sri Lanka2024",5331040,1249484.5672205,566216.392077765,210036.584049127,3305302.45665261
"Sri Lanka",144,"2025","Sri Lanka2025",5319120,1255954.98514924,572576.208617431,196725.455971958,3293863.35026137
"Sri Lanka",144,"2026","Sri Lanka2026",5307610,1264169.01050106,577049.722037991,181351.160214547,3285040.1072464
"Sri Lanka",144,"2027","Sri Lanka2027",5285900,1273518.15278446,583257.077451254,167298.817597017,3261825.95216727
"Sri Lanka",144,"2028","Sri Lanka2028",5257150,1275592.77205747,587329.600233501,153431.663389212,3240795.96431982
"Sri Lanka",144,"2029","Sri Lanka2029",5226180,1274463.89215566,591082.121645702,140341.857063313,3220292.12913532
"Sri Lanka",144,"2030","Sri Lanka2030",5195730,1274248.62552353,596382.964325954,128443.155627712,3196655.25452281
"State of Palestine",275,"2019","State of Palestine2019",1245040,230278.809765402,121847.250037933,5319.31418966704,887594.626006998
"State of Palestine",275,"2020","State of Palestine2020",1276530,236861.780619796,126950.592164062,5705.09149628429,907012.535719858
"State of Palestine",275,"2021","State of Palestine2021",1311530,245484.348152186,133130.164724353,6167.89238603886,926747.594737422
"State of Palestine",275,"2022","State of Palestine2022",1346120,252768.225904823,138710.025900134,6610.08027907691,948031.667915965
"State of Palestine",275,"2023","State of Palestine2023",1380970,260036.312389201,144382.915077973,7065.5513037645,969485.221229061
"State of Palestine",275,"2024","State of Palestine2024",1417020,267340.670799264,150150.063977087,7536.73915404479,991992.526069604
"State of Palestine",275,"2025","State of Palestine2025",1454530,274759.140186021,156104.653833017,8024.91219533862,1015641.29378562
"State of Palestine",275,"2026","State of Palestine2026",1491840,281750.139800511,162604.416540976,8496.46859250952,1038988.975066
"State of Palestine",275,"2027","State of Palestine2027",1530840,288092.056372113,168933.151532744,8968.77011573018,1064846.02197941
"State of Palestine",275,"2028","State of Palestine2028",1570710,294135.808966512,175283.893679268,9451.81155416348,1091838.48580006
"State of Palestine",275,"2029","State of Palestine2029",1610160,301383.117988806,182559.089424845,9995.08623599402,1116222.70635036
"State of Palestine",275,"2030","State of Palestine2030",1648430,307060.94273479,189088.343086888,10508.0893747184,1141772.6248036
"Sudan",729,"2019","Sudan2019",10414380,43445.7429246666,816536.413592859,117395.320647657,9437002.52283482
"Sudan",729,"2020","Sudan2020",10709480,37690.2955570897,879916.753949213,125535.164637505,9666337.78585619
"Sudan",729,"2021","Sudan2021",11014470,32005.496735481,942755.750697642,134553.348131023,9905155.40443585
"Sudan",729,"2022","Sudan2022",11327530,35274.783809386,1005507.89556353,143596.350589565,10143150.9700375
"Sudan",729,"2023","Sudan2023",11646590,38397.9960642144,1065316.12725399,152037.783324625,10390838.0933572
"Sudan",729,"2024","Sudan2024",11968960,41867.2055511043,1129152.85818513,161053.747770743,10636886.188493
"Sudan",729,"2025","Sudan2025",12292710,45102.7876072914,1195115.02763071,169953.327311024,10882538.857451
"Sudan",729,"2026","Sudan2026",12615710,49006.5100412653,1265840.34168715,179845.243429226,11121017.9048424
"Sudan",729,"2027","Sudan2027",12940290,53089.3695956077,1336463.17097741,189669.234993736,11361068.2244332
"Sudan",729,"2028","Sudan2028",13266670,57671.582399212,1414688.76525796,200508.861812991,11593800.7905298
"Sudan",729,"2029","Sudan2029",13595740,62624.3249480542,1496703.50672476,211810.071441261,11824602.0968859
"Sudan",729,"2030","Sudan2030",13928020,67808.9652246478,1578830.52525576,223039.493261476,12058341.0162581
"Tajikistan",762,"2019","Tajikistan2019",2315470,349497.468566695,81610.7410223292,31748.5395272914,1852613.25088368
"Tajikistan",762,"2020","Tajikistan2020",2350000,358176.618514649,90999.3752577979,32818.791162357,1868005.2150652
"Tajikistan",762,"2021","Tajikistan2021",2388550,365126.823258662,100780.605037021,33782.9677602323,1888859.60394408
"Tajikistan",762,"2022","Tajikistan2022",2429430,371706.004280985,111050.769927048,34738.5929679166,1911934.63282405
"Tajikistan",762,"2023","Tajikistan2023",2473290,378813.433470147,122072.911074141,35760.2897630453,1936643.36569267
"Tajikistan",762,"2024","Tajikistan2024",2520750,383385.887053591,132869.955660972,36564.5101332399,1967929.6471522
"Tajikistan",762,"2025","Tajikistan2025",2572150,388909.024565979,144912.655354856,37475.1672726567,2000853.15280651
"Tajikistan",762,"2026","Tajikistan2026",2631650,396298.978728604,157347.961557482,38507.9780772166,2039495.0816367
"Tajikistan",762,"2027","Tajikistan2027",2692920,403493.194669508,170704.214613938,39534.8496777071,2079187.74103885
"Tajikistan",762,"2028","Tajikistan2028",2756270,409163.321911233,184443.462859734,40424.0033480305,2122239.211881
"Tajikistan",762,"2029","Tajikistan2029",2821490,415079.266373579,199362.467847558,41347.9175243597,2165700.3482545
"Tajikistan",762,"2030","Tajikistan2030",2887710,420979.082117791,215429.086367798,42280.7589270662,2209021.07258735
"TimorLeste",626,"2019","TimorLeste2019",316660,19719.3113066291,4739.70188004242,15609.1428155322,276591.843997796
"TimorLeste",626,"2020","TimorLeste2020",324850,21131.7301579543,4979.73192738231,15474.8573254108,283263.680589253
"TimorLeste",626,"2021","TimorLeste2021",331860,22139.2231711995,5101.27259807229,15695.6170525348,288923.887178193
"TimorLeste",626,"2022","TimorLeste2022",339250,23141.7697347058,5218.1210646911,15893.2829691911,294996.826231412
"TimorLeste",626,"2023","TimorLeste2023",346830,24284.4498082655,5362.87921590068,16150.7483566089,301031.922619225
"TimorLeste",626,"2024","TimorLeste2024",354410,25332.2974838589,5483.29397795675,16311.2239905436,307283.184547641
"TimorLeste",626,"2025","TimorLeste2025",361950,26449.8370574862,5720.76700613261,16576.6850362199,313202.710900161
"TimorLeste",626,"2026","TimorLeste2026",370200,27662.1151523963,5984.92599586608,16929.5359758826,319623.422875855
"TimorLeste",626,"2027","TimorLeste2027",378200,29033.7193173174,6286.33503070363,17339.5470636017,325540.398588377
"TimorLeste",626,"2028","TimorLeste2028",386100,30511.4682930184,6613.78378792764,17769.4265783645,331205.321340689
"TimorLeste",626,"2029","TimorLeste2029",394200,32060.1152001148,6959.94465080429,18195.330481416,336984.609667665
"TimorLeste",626,"2030","TimorLeste2030",402540,33668.7252950576,7322.74934802406,18609.0844997068,342939.440857211
"Togo",768,"2019","Togo2019",1983600,112752.422144397,164320.15774384,112613.396394155,1593914.02371761
"Togo",768,"2020","Togo2020",2040070,128509.912578074,164712.680318269,119787.82945826,1627059.5776454
"Togo",768,"2021","Togo2021",2096900,145321.007903788,163447.352972592,126835.404226309,1661296.23489731
"Togo",768,"2022","Togo2022",2155190,163206.532748075,161249.887420844,134053.589671659,1696679.99015942
"Togo",768,"2023","Togo2023",2214690,183048.06311271,158837.889403134,142118.772413521,1730685.27507064
"Togo",768,"2024","Togo2024",2274840,204114.320361362,155016.473229057,150405.858724131,1765303.34768545
"Togo",768,"2025","Togo2025",2335320,222738.001700595,155730.403150564,156146.897191296,1800704.69795754
"Togo",768,"2026","Togo2026",2394880,240747.188435182,157613.180392949,161870.759676461,1834648.87149541
"Togo",768,"2027","Togo2027",2454990,260860.742985863,159894.047448207,168079.897279004,1866155.31228693
"Togo",768,"2028","Togo2028",2515500,279988.832219608,160681.498452772,172751.168132979,1902078.50119464
"Togo",768,"2029","Togo2029",2576240,301864.682912291,162224.125143555,178228.245800734,1933922.94614342
"Togo",768,"2030","Togo2030",2637160,324723.799596509,163469.518422404,183360.749158348,1965605.93282274
"Uganda",800,"2019","Uganda2019",10515540,864896.26347351,572635.154827307,1696072.93728833,7381935.64441086
"Uganda",800,"2020","Uganda2020",10939500,967575.371583286,555877.328834347,1831599.8676486,7584447.43193377
"Uganda",800,"2021","Uganda2021",11346680,1074700.18469897,529016.968413148,1968647.86148397,7774314.98540391
"Uganda",800,"2022","Uganda2022",11748440,1187783.63306871,503125.272356064,2109206.14408332,7948324.95049191
"Uganda",800,"2023","Uganda2023",12151470,1304821.59331983,471544.86299343,2248696.57510325,8126406.96858348
"Uganda",800,"2024","Uganda2024",12563840,1411741.21034436,473490.025799481,2363865.58567801,8314743.17817815
"Uganda",800,"2025","Uganda2025",12990350,1529176.81329316,475896.316204674,2489969.47417568,8495307.39632648
"Uganda",800,"2026","Uganda2026",13432920,1648598.85920541,484102.928400907,2627519.06536624,8672699.14702744
"Uganda",800,"2027","Uganda2027",13886060,1768241.49421323,489927.950675784,2751697.70897298,8876192.84613801
"Uganda",800,"2028","Uganda2028",14348940,1894095.37698625,495459.286253022,2872106.33290707,9087279.00385366
"Uganda",800,"2029","Uganda2029",14820530,2027623.48845972,501268.729318374,2990762.32722736,9300875.45499454
"Uganda",800,"2030","Uganda2030",15298820,2170309.61852071,507841.993922774,3109472.41525224,9511195.97230427
"United Republic of Tanzania",834,"2019","United Republic of Tanzania2019",13655260,1427225.71748222,1181027.72103088,1527382.66839896,9519623.89308795
"United Republic of Tanzania",834,"2020","United Republic of Tanzania2020",14112530,1567706.38412674,1179824.09753135,1641019.64532087,9723979.87302104
"United Republic of Tanzania",834,"2021","United Republic of Tanzania2021",14577600,1721787.90393116,1170630.45839697,1765796.90355658,9919384.73411529
"United Republic of Tanzania",834,"2022","United Republic of Tanzania2022",15062050,1877864.905303,1148930.15257664,1888665.6728937,10146589.2692267
"United Republic of Tanzania",834,"2023","United Republic of Tanzania2023",15562160,2054327.98847059,1126109.80552846,2027946.66602318,10353775.5399778
"United Republic of Tanzania",834,"2024","United Republic of Tanzania2024",16071950,2235823.3824934,1105856.65127616,2167755.58944796,10562514.3767825
"United Republic of Tanzania",834,"2025","United Republic of Tanzania2025",16587950,2414979.23753831,1069395.18840492,2298381.95320447,10805193.6208523
"United Republic of Tanzania",834,"2026","United Republic of Tanzania2026",17107010,2636260.90679711,962084.243382053,2471790.65007438,11036874.1997465
"United Republic of Tanzania",834,"2027","United Republic of Tanzania2027",17633550,2845840.55007149,889535.216639488,2626018.85545462,11272155.3778344
"United Republic of Tanzania",834,"2028","United Republic of Tanzania2028",18167940,3053959.21824412,842830.299254441,2770834.4044148,11500316.0780866
"United Republic of Tanzania",834,"2029","United Republic of Tanzania2029",18712100,3246383.69243463,809211.172706492,2893637.57192196,11762867.5629369
"United Republic of Tanzania",834,"2030","United Republic of Tanzania2030",19267060,3447829.55289094,789071.222307165,3016890.9953817,12013268.2294202
"Uzbekistan",860,"2019","Uzbekistan2019",8869180,3684344.36244476,307114.149519881,99693.0645944347,4778028.42344092
"Uzbekistan",860,"2020","Uzbekistan2020",8941730,3679111.09956167,363878.251772477,99015.0984326312,4799725.55023322
"Uzbekistan",860,"2021","Uzbekistan2021",9017840,3673993.40472767,422536.770001005,98225.3257248936,4823084.49954643
"Uzbekistan",860,"2022","Uzbekistan2022",9101550,3661866.47293862,481724.819057546,97197.2621503827,4860761.44585345
"Uzbekistan",860,"2023","Uzbekistan2023",9191380,3647385.91140217,541763.930479754,96465.749996661,4905764.40812141
"Uzbekistan",860,"2024","Uzbekistan2024",9283250,3627206.68832896,602039.812214463,95585.0784839687,4958418.4209726
"Uzbekistan",860,"2025","Uzbekistan2025",9374730,3601408.78134599,662214.898913576,94527.3363385317,5016578.9834019
"Uzbekistan",860,"2026","Uzbekistan2026",9479600,3584845.48828787,715266.895478474,93503.9369660556,5085983.6792676
"Uzbekistan",860,"2027","Uzbekistan2027",9579320,3559051.28883276,771592.180488715,92249.7610723986,5156426.76960612
"Uzbekistan",860,"2028","Uzbekistan2028",9675390,3527689.32538283,832033.645683549,90863.5839837511,5224803.44494986
"Uzbekistan",860,"2029","Uzbekistan2029",9769200,3496461.53326378,898205.663574573,89493.950214923,5285038.85294672
"Uzbekistan",860,"2030","Uzbekistan2030",9859830,3450227.84551233,966387.542320793,87755.5981132997,5355459.01405358
"Viet Nam",704,"2019","Viet Nam2019",25489270,7416098.06264508,4702023.26055842,31698.4138385057,13339450.262958
"Viet Nam",704,"2020","Viet Nam2020",25448660,7506481.04626627,4685516.99839913,31630.5744738449,13225031.3808607
"Viet Nam",704,"2021","Viet Nam2021",25407530,7571342.97674262,4652581.43304739,31452.1360000105,13152153.45421
"Viet Nam",704,"2022","Viet Nam2022",25371340,7648557.43597111,4626640.15155853,31321.6444515086,13064820.7680189
"Viet Nam",704,"2023","Viet Nam2023",25336680,7696765.80379203,4583292.54542341,31073.6750690524,13025547.9757155
"Viet Nam",704,"2024","Viet Nam2024",25295960,7749285.17736274,4519315.76235622,30685.9977715742,12996673.0625095
"Viet Nam",704,"2025","Viet Nam2025",25245920,7802395.97335707,4456648.3136224,30307.4059428134,12956568.3070777
"Viet Nam",704,"2026","Viet Nam2026",25226860,7852946.13268287,4398934.80072709,29981.1133094158,12944997.9532806
"Viet Nam",704,"2027","Viet Nam2027",25190910,7880609.28694638,4327469.19168323,29549.4176131263,12953282.1037573
"Viet Nam",704,"2028","Viet Nam2028",25143570,7914841.49998137,4258664.41784716,29124.5612395897,12940939.5209319
"Viet Nam",704,"2029","Viet Nam2029",25092370,7942180.09243732,4185015.69717319,28655.760055108,12936518.4503344
"Viet Nam",704,"2030","Viet Nam2030",25038110,7965140.13175116,4107863.57526067,28152.6413378283,12936953.6516503
"Yemen",887,"2019","Yemen2019",7408590,476811.573528382,910663.742623403,234350.575875696,5786764.10797252
"Yemen",887,"2020","Yemen2020",7622520,498500.476961282,966732.889190595,248690.375822355,5908596.25802577
"Yemen",887,"2021","Yemen2021",7843300,520325.076061942,1021108.76670948,262567.079539087,6039299.07768949
"Yemen",887,"2022","Yemen2022",8064250,542590.076552455,1076981.9921904,276814.942545254,6167862.9887119
"Yemen",887,"2023","Yemen2023",8286130,562647.692346665,1128929.11906235,290039.498880155,6304513.68971083
"Yemen",887,"2024","Yemen2024",8510210,583707.675119028,1185071.28203366,304336.346266166,6437094.69658115
"Yemen",887,"2025","Yemen2025",8736530,600894.215364139,1234385.97387531,316834.719121224,6584415.09163933
"Yemen",887,"2026","Yemen2026",8962610,621798.129331629,1290585.14947404,331506.615683935,6718720.1055104
"Yemen",887,"2027","Yemen2027",9190340,641021.911394352,1345064.17997355,345530.87512444,6858723.03350766
"Yemen",887,"2028","Yemen2028",9417510,661831.22170864,1404790.24561772,360657.106361683,6990231.42631195
"Yemen",887,"2029","Yemen2029",9640590,681596.088663583,1464401.3139262,375464.197756637,7119128.39965359
"Yemen",887,"2030","Yemen2030",9857170,699757.824912708,1522784.93402356,389621.752572847,7245005.48849089
"Zambia",894,"2019","Zambia2019",4349190,348435.316335093,546987.142718175,671913.675618913,2781853.86532782
"Zambia",894,"2020","Zambia2020",4506890,387024.495241223,546404.654257479,714372.970053091,2859087.88044821
"Zambia",894,"2021","Zambia2021",4668790,428091.714379524,544291.637716888,759141.50561351,2937265.14229008
"Zambia",894,"2022","Zambia2022",4828970,472402.864362445,540709.736742353,806803.188667893,3009054.21022731
"Zambia",894,"2023","Zambia2023",4989370,517398.449917167,532538.622351224,852825.85580353,3086607.07192808
"Zambia",894,"2024","Zambia2024",5153350,567183.231308961,524003.417723615,903898.548653702,3158264.80231372
"Zambia",894,"2025","Zambia2025",5322190,617561.580317779,516140.032393603,953222.436250178,3235265.95103844
"Zambia",894,"2026","Zambia2026",5487650,669125.024890524,500114.678794651,1006930.66612958,3311479.63018524
"Zambia",894,"2027","Zambia2027",5659690,724889.311632317,484752.28987186,1061441.16690232,3388607.2315935
"Zambia",894,"2028","Zambia2028",5835740,782624.651339978,468727.178600838,1113235.22736789,3471152.94269129
"Zambia",894,"2029","Zambia2029",6011860,843284.100433254,453002.450357668,1163586.50673891,3551986.94247017
"Zambia",894,"2030","Zambia2030",6186290,904569.851843304,436684.826960658,1209286.07233283,3635749.24886321
"Zimbabwe",716,"2019","Zimbabwe2019",3795300,388972.903307469,1204492.5112167,297047.947910772,1904786.63756506
"Zimbabwe",716,"2020","Zimbabwe2020",3856520,420727.56141358,1193294.00028399,312109.009451957,1930389.42885048
"Zimbabwe",716,"2021","Zimbabwe2021",3946990,456954.686131845,1187140.23871924,329445.674675189,1973449.40047372
"Zimbabwe",716,"2022","Zimbabwe2022",4033470,494758.583551078,1180647.27738998,347478.812365501,2010585.32669344
"Zimbabwe",716,"2023","Zimbabwe2023",4120780,534197.496478496,1173172.62747186,366144.252066966,2047265.62398268
"Zimbabwe",716,"2024","Zimbabwe2024",4215590,576976.116803195,1162468.70843944,384641.067474813,2091504.10728255
"Zimbabwe",716,"2025","Zimbabwe2025",4320030,622664.340371528,1152061.63646001,404370.42156841,2140933.60160005
"Zimbabwe",716,"2026","Zimbabwe2026",4427970,668038.342430005,1138848.718732,424763.724424162,2196319.21441384
"Zimbabwe",716,"2027","Zimbabwe2027",4545700,718652.870592176,1129290.71327125,447361.336609224,2250395.07952735
"Zimbabwe",716,"2028","Zimbabwe2028",4668550,771631.829431552,1118196.83370851,470236.37447638,2308484.96238356
"Zimbabwe",716,"2029","Zimbabwe2029",4788480,825604.810024786,1103885.6169712,492515.122021078,2366474.45098294
"Zimbabwe",716,"2030","Zimbabwe2030",4900830,879569.202080542,1085706.994933,513610.607942443,2421943.19504401
